candidate_id,replicate,noise_type,noise_rate_hz,condition_weight,ber,tie_fraction,byte_accuracy,exact_recovery,generation,candidate_index
g00_c00,0,none,0.0,0.75,0.15625,0.35625,0.30000000000000004,False,0,0
g00_c00,0,poisson_excitatory,10.0,0.25,0.2375,0.46875,0.15000000000000002,False,0,0
g00_c00,1,none,0.0,0.75,0.15625,0.35625,0.30000000000000004,False,0,0
g00_c00,1,poisson_excitatory,10.0,0.25,0.1875,0.4125,0.19999999999999996,False,0,0
g00_c01,0,none,0.0,0.75,0.24375,0.2,0.30000000000000004,False,0,1
g00_c01,0,poisson_excitatory,10.0,0.25,0.24375,0.20625,0.25,False,0,1
g00_c01,1,none,0.0,0.75,0.24375,0.2,0.30000000000000004,False,0,1
g00_c01,1,poisson_excitatory,10.0,0.25,0.24375,0.19375,0.19999999999999996,False,0,1
g00_c02,0,none,0.0,0.75,0.00625,0.00625,0.95,False,0,2
g00_c02,0,poisson_excitatory,10.0,0.25,0.00625,0.00625,0.95,False,0,2
g00_c02,1,none,0.0,0.75,0.00625,0.00625,0.95,False,0,2
g00_c02,1,poisson_excitatory,10.0,0.25,0.00625,0.00625,0.95,False,0,2
g00_c03,0,none,0.0,0.75,0.0125,0.0125,0.9,False,0,3
g00_c03,0,poisson_excitatory,10.0,0.25,0.0125,0.0125,0.9,False,0,3
g00_c03,1,none,0.0,0.75,0.0125,0.0125,0.9,False,0,3
g00_c03,1,poisson_excitatory,10.0,0.25,0.00625,0.00625,0.95,False,0,3
g00_c04,0,none,0.0,0.75,0.18125,0.1125,0.25,False,0,4
g00_c04,0,poisson_excitatory,10.0,0.25,0.19375,0.125,0.15000000000000002,False,0,4
g00_c04,1,none,0.0,0.75,0.18125,0.1125,0.25,False,0,4
g00_c04,1,poisson_excitatory,10.0,0.25,0.16875,0.09375,0.35,False,0,4
g00_c05,0,none,0.0,0.75,0.23125,0.26875,0.15000000000000002,False,0,5
g00_c05,0,poisson_excitatory,10.0,0.25,0.23125,0.26875,0.15000000000000002,False,0,5
g00_c05,1,none,0.0,0.75,0.23125,0.26875,0.15000000000000002,False,0,5
g00_c05,1,poisson_excitatory,10.0,0.25,0.23125,0.26875,0.15000000000000002,False,0,5
g00_c06,0,none,0.0,0.75,0.1375,0.23125,0.4,False,0,6
g00_c06,0,poisson_excitatory,10.0,0.25,0.125,0.18125,0.4,False,0,6
g00_c06,1,none,0.0,0.75,0.1375,0.23125,0.4,False,0,6
g00_c06,1,poisson_excitatory,10.0,0.25,0.1,0.19375,0.5,False,0,6
g00_c07,0,none,0.0,0.75,0.00625,0.0,0.95,False,0,7
g00_c07,0,poisson_excitatory,10.0,0.25,0.00625,0.0,0.95,False,0,7
g00_c07,1,none,0.0,0.75,0.00625,0.0,0.95,False,0,7
g00_c07,1,poisson_excitatory,10.0,0.25,0.00625,0.0,0.95,False,0,7
g00_c08,0,none,0.0,0.75,0.09375,0.18125,0.7,False,0,8
g00_c08,0,poisson_excitatory,10.0,0.25,0.075,0.1625,0.75,False,0,8
g00_c08,1,none,0.0,0.75,0.09375,0.18125,0.7,False,0,8
g00_c08,1,poisson_excitatory,10.0,0.25,0.0875,0.16875,0.75,False,0,8
g00_c09,0,none,0.0,0.75,0.225,0.05625,0.35,False,0,9
g00_c09,0,poisson_excitatory,10.0,0.25,0.225,0.09375,0.25,False,0,9
g00_c09,1,none,0.0,0.75,0.225,0.05625,0.35,False,0,9
g00_c09,1,poisson_excitatory,10.0,0.25,0.20625,0.09375,0.30000000000000004,False,0,9
g01_c00,0,none,0.0,0.75,0.24375,0.43125,0.19999999999999996,False,1,0
g01_c00,0,poisson_excitatory,10.0,0.25,0.24375,0.3875,0.19999999999999996,False,1,0
g01_c00,1,none,0.0,0.75,0.24375,0.43125,0.19999999999999996,False,1,0
g01_c00,1,poisson_excitatory,10.0,0.25,0.225,0.35625,0.15000000000000002,False,1,0
g01_c01,0,none,0.0,0.75,0.06875,0.125,0.6,False,1,1
g01_c01,0,poisson_excitatory,10.0,0.25,0.06875,0.125,0.6,False,1,1
g01_c01,1,none,0.0,0.75,0.06875,0.125,0.6,False,1,1
g01_c01,1,poisson_excitatory,10.0,0.25,0.06875,0.125,0.6,False,1,1
g01_c02,0,none,0.0,0.75,0.0625,0.1125,0.65,False,1,2
g01_c02,0,poisson_excitatory,10.0,0.25,0.0625,0.1125,0.65,False,1,2
g01_c02,1,none,0.0,0.75,0.0625,0.1125,0.65,False,1,2
g01_c02,1,poisson_excitatory,10.0,0.25,0.0625,0.1125,0.65,False,1,2
g01_c03,0,none,0.0,0.75,0.04375,0.075,0.7,False,1,3
g01_c03,0,poisson_excitatory,10.0,0.25,0.04375,0.075,0.7,False,1,3
g01_c03,1,none,0.0,0.75,0.04375,0.075,0.7,False,1,3
g01_c03,1,poisson_excitatory,10.0,0.25,0.04375,0.075,0.7,False,1,3
g01_c04,0,none,0.0,0.75,0.26875,0.53125,0.15000000000000002,False,1,4
g01_c04,0,poisson_excitatory,10.0,0.25,0.25625,0.51875,0.25,False,1,4
g01_c04,1,none,0.0,0.75,0.26875,0.53125,0.15000000000000002,False,1,4
g01_c04,1,poisson_excitatory,10.0,0.25,0.2625,0.525,0.19999999999999996,False,1,4
g01_c05,0,none,0.0,0.75,0.01875,0.0375,0.9,False,1,5
g01_c05,0,poisson_excitatory,10.0,0.25,0.025,0.04375,0.85,False,1,5
g01_c05,1,none,0.0,0.75,0.01875,0.0375,0.9,False,1,5
g01_c05,1,poisson_excitatory,10.0,0.25,0.01875,0.0375,0.9,False,1,5
g01_c06,0,none,0.0,0.75,0.14375,0.21875,0.4,False,1,6
g01_c06,0,poisson_excitatory,10.0,0.25,0.14375,0.21875,0.4,False,1,6
g01_c06,1,none,0.0,0.75,0.14375,0.21875,0.4,False,1,6
g01_c06,1,poisson_excitatory,10.0,0.25,0.14375,0.21875,0.4,False,1,6
g01_c07,0,none,0.0,0.75,0.35,0.30625,0.15000000000000002,False,1,7
g01_c07,0,poisson_excitatory,10.0,0.25,0.31875,0.39375,0.15000000000000002,False,1,7
g01_c07,1,none,0.0,0.75,0.35,0.30625,0.15000000000000002,False,1,7
g01_c07,1,poisson_excitatory,10.0,0.25,0.33125,0.36875,0.15000000000000002,False,1,7
g01_c08,0,none,0.0,0.75,0.53125,0.01875,0.050000000000000044,False,1,8
g01_c08,0,poisson_excitatory,10.0,0.25,0.53125,0.01875,0.050000000000000044,False,1,8
g01_c08,1,none,0.0,0.75,0.53125,0.01875,0.050000000000000044,False,1,8
g01_c08,1,poisson_excitatory,10.0,0.25,0.53125,0.01875,0.050000000000000044,False,1,8
g01_c09,0,none,0.0,0.75,0.11875,0.20625,0.44999999999999996,False,1,9
g01_c09,0,poisson_excitatory,10.0,0.25,0.10625,0.15625,0.44999999999999996,False,1,9
g01_c09,1,none,0.0,0.75,0.11875,0.20625,0.44999999999999996,False,1,9
g01_c09,1,poisson_excitatory,10.0,0.25,0.1,0.1625,0.5,False,1,9
g02_c00,0,none,0.0,0.75,0.24375,0.4875,0.19999999999999996,False,2,0
g02_c00,0,poisson_excitatory,10.0,0.25,0.19375,0.3625,0.25,False,2,0
g02_c00,1,none,0.0,0.75,0.24375,0.4875,0.19999999999999996,False,2,0
g02_c00,1,poisson_excitatory,10.0,0.25,0.21875,0.3625,0.25,False,2,0
g02_c01,0,none,0.0,0.75,0.225,0.4125,0.25,False,2,1
g02_c01,0,poisson_excitatory,10.0,0.25,0.2125,0.39375,0.30000000000000004,False,2,1
g02_c01,1,none,0.0,0.75,0.225,0.4125,0.25,False,2,1
g02_c01,1,poisson_excitatory,10.0,0.25,0.225,0.4,0.30000000000000004,False,2,1
g02_c02,0,none,0.0,0.75,0.26875,0.53125,0.15000000000000002,False,2,2
g02_c02,0,poisson_excitatory,10.0,0.25,0.25625,0.5125,0.25,False,2,2
g02_c02,1,none,0.0,0.75,0.26875,0.53125,0.15000000000000002,False,2,2
g02_c02,1,poisson_excitatory,10.0,0.25,0.2625,0.50625,0.19999999999999996,False,2,2
g02_c03,0,none,0.0,0.75,0.0375,0.09375,0.75,False,2,3
g02_c03,0,poisson_excitatory,10.0,0.25,0.05,0.10625,0.7,False,2,3
g02_c03,1,none,0.0,0.75,0.0375,0.09375,0.75,False,2,3
g02_c03,1,poisson_excitatory,10.0,0.25,0.04375,0.09375,0.7,False,2,3
g02_c04,0,none,0.0,0.75,0.00625,0.00625,0.95,False,2,4
g02_c04,0,poisson_excitatory,10.0,0.25,0.00625,0.00625,0.95,False,2,4
g02_c04,1,none,0.0,0.75,0.00625,0.00625,0.95,False,2,4
g02_c04,1,poisson_excitatory,10.0,0.25,0.00625,0.00625,0.95,False,2,4
g02_c05,0,none,0.0,0.75,0.26875,0.51875,0.15000000000000002,False,2,5
g02_c05,0,poisson_excitatory,10.0,0.25,0.25625,0.4875,0.15000000000000002,False,2,5
g02_c05,1,none,0.0,0.75,0.26875,0.51875,0.15000000000000002,False,2,5
g02_c05,1,poisson_excitatory,10.0,0.25,0.25625,0.475,0.15000000000000002,False,2,5
g02_c06,0,none,0.0,0.75,0.0625,0.10625,0.65,False,2,6
g02_c06,0,poisson_excitatory,10.0,0.25,0.0625,0.10625,0.65,False,2,6
g02_c06,1,none,0.0,0.75,0.0625,0.10625,0.65,False,2,6
g02_c06,1,poisson_excitatory,10.0,0.25,0.0625,0.10625,0.65,False,2,6
g02_c07,0,none,0.0,0.75,0.11875,0.23125,0.5,False,2,7
g02_c07,0,poisson_excitatory,10.0,0.25,0.125,0.23125,0.44999999999999996,False,2,7
g02_c07,1,none,0.0,0.75,0.11875,0.23125,0.5,False,2,7
g02_c07,1,poisson_excitatory,10.0,0.25,0.13125,0.24375,0.4,False,2,7
g02_c08,0,none,0.0,0.75,0.10625,0.0875,0.44999999999999996,False,2,8
g02_c08,0,poisson_excitatory,10.0,0.25,0.05625,0.08125,0.65,False,2,8
g02_c08,1,none,0.0,0.75,0.10625,0.0875,0.44999999999999996,False,2,8
g02_c08,1,poisson_excitatory,10.0,0.25,0.05625,0.0875,0.55,False,2,8
g02_c09,0,none,0.0,0.75,0.0375,0.08125,0.7,False,2,9
g02_c09,0,poisson_excitatory,10.0,0.25,0.0375,0.08125,0.7,False,2,9
g02_c09,1,none,0.0,0.75,0.0375,0.08125,0.7,False,2,9
g02_c09,1,poisson_excitatory,10.0,0.25,0.0375,0.075,0.7,False,2,9
g03_c00,0,none,0.0,0.75,0.0,0.0,1.0,True,3,0
g03_c00,0,poisson_excitatory,10.0,0.25,0.0,0.0,1.0,True,3,0
g03_c00,1,none,0.0,0.75,0.0,0.0,1.0,True,3,0
g03_c00,1,poisson_excitatory,10.0,0.25,0.0,0.0,1.0,True,3,0
g03_c01,0,none,0.0,0.75,0.0125,0.0125,0.9,False,3,1
g03_c01,0,poisson_excitatory,10.0,0.25,0.0125,0.0125,0.9,False,3,1
g03_c01,1,none,0.0,0.75,0.0125,0.0125,0.9,False,3,1
g03_c01,1,poisson_excitatory,10.0,0.25,0.0125,0.0125,0.9,False,3,1
g03_c02,0,none,0.0,0.75,0.01875,0.025,0.85,False,3,2
g03_c02,0,poisson_excitatory,10.0,0.25,0.01875,0.025,0.85,False,3,2
g03_c02,1,none,0.0,0.75,0.01875,0.025,0.85,False,3,2
g03_c02,1,poisson_excitatory,10.0,0.25,0.01875,0.01875,0.85,False,3,2
g03_c03,0,none,0.0,0.75,0.03125,0.0625,0.8,False,3,3
g03_c03,0,poisson_excitatory,10.0,0.25,0.03125,0.0625,0.8,False,3,3
g03_c03,1,none,0.0,0.75,0.03125,0.0625,0.8,False,3,3
g03_c03,1,poisson_excitatory,10.0,0.25,0.03125,0.0625,0.8,False,3,3
g03_c04,0,none,0.0,0.75,0.1,0.15625,0.5,False,3,4
g03_c04,0,poisson_excitatory,10.0,0.25,0.09375,0.1375,0.5,False,3,4
g03_c04,1,none,0.0,0.75,0.1,0.15625,0.5,False,3,4
g03_c04,1,poisson_excitatory,10.0,0.25,0.0875,0.125,0.5,False,3,4
g03_c05,0,none,0.0,0.75,0.0,0.0,1.0,True,3,5
g03_c05,0,poisson_excitatory,10.0,0.25,0.0,0.0,1.0,True,3,5
g03_c05,1,none,0.0,0.75,0.0,0.0,1.0,True,3,5
g03_c05,1,poisson_excitatory,10.0,0.25,0.0,0.0,1.0,True,3,5
g03_c06,0,none,0.0,0.75,0.18125,0.05625,0.35,False,3,6
g03_c06,0,poisson_excitatory,10.0,0.25,0.18125,0.0625,0.35,False,3,6
g03_c06,1,none,0.0,0.75,0.18125,0.05625,0.35,False,3,6
g03_c06,1,poisson_excitatory,10.0,0.25,0.18125,0.05625,0.35,False,3,6
g03_c07,0,none,0.0,0.75,0.0625,0.11875,0.65,False,3,7
g03_c07,0,poisson_excitatory,10.0,0.25,0.0625,0.11875,0.65,False,3,7
g03_c07,1,none,0.0,0.75,0.0625,0.11875,0.65,False,3,7
g03_c07,1,poisson_excitatory,10.0,0.25,0.0625,0.1125,0.65,False,3,7
g03_c08,0,none,0.0,0.75,0.0125,0.00625,0.9,False,3,8
g03_c08,0,poisson_excitatory,10.0,0.25,0.0125,0.00625,0.9,False,3,8
g03_c08,1,none,0.0,0.75,0.0125,0.00625,0.9,False,3,8
g03_c08,1,poisson_excitatory,10.0,0.25,0.0125,0.00625,0.9,False,3,8
g03_c09,0,none,0.0,0.75,0.0,0.0,1.0,True,3,9
g03_c09,0,poisson_excitatory,10.0,0.25,0.0125,0.01875,0.9,False,3,9
g03_c09,1,none,0.0,0.75,0.0,0.0,1.0,True,3,9
g03_c09,1,poisson_excitatory,10.0,0.25,0.025,0.05,0.8,False,3,9
g04_c00,0,none,0.0,0.75,0.26875,0.53125,0.15000000000000002,False,4,0
g04_c00,0,poisson_excitatory,10.0,0.25,0.26875,0.53125,0.15000000000000002,False,4,0
g04_c00,1,none,0.0,0.75,0.26875,0.53125,0.15000000000000002,False,4,0
g04_c00,1,poisson_excitatory,10.0,0.25,0.26875,0.53125,0.15000000000000002,False,4,0
g04_c01,0,none,0.0,0.75,0.0,0.0,1.0,True,4,1
g04_c01,0,poisson_excitatory,10.0,0.25,0.0,0.0,1.0,True,4,1
g04_c01,1,none,0.0,0.75,0.0,0.0,1.0,True,4,1
g04_c01,1,poisson_excitatory,10.0,0.25,0.0,0.0,1.0,True,4,1
g04_c02,0,none,0.0,0.75,0.0,0.0,1.0,True,4,2
g04_c02,0,poisson_excitatory,10.0,0.25,0.0,0.0,1.0,True,4,2
g04_c02,1,none,0.0,0.75,0.0,0.0,1.0,True,4,2
g04_c02,1,poisson_excitatory,10.0,0.25,0.0,0.0,1.0,True,4,2
g04_c03,0,none,0.0,0.75,0.0125,0.0125,0.9,False,4,3
g04_c03,0,poisson_excitatory,10.0,0.25,0.0125,0.0125,0.9,False,4,3
g04_c03,1,none,0.0,0.75,0.0125,0.0125,0.9,False,4,3
g04_c03,1,poisson_excitatory,10.0,0.25,0.0125,0.0125,0.9,False,4,3
g04_c04,0,none,0.0,0.75,0.0,0.0,1.0,True,4,4
g04_c04,0,poisson_excitatory,10.0,0.25,0.0,0.0,1.0,True,4,4
g04_c04,1,none,0.0,0.75,0.0,0.0,1.0,True,4,4
g04_c04,1,poisson_excitatory,10.0,0.25,0.00625,0.00625,0.95,False,4,4
g04_c05,0,none,0.0,0.75,0.00625,0.00625,0.95,False,4,5
g04_c05,0,poisson_excitatory,10.0,0.25,0.00625,0.00625,0.95,False,4,5
g04_c05,1,none,0.0,0.75,0.00625,0.00625,0.95,False,4,5
g04_c05,1,poisson_excitatory,10.0,0.25,0.00625,0.00625,0.95,False,4,5
g04_c06,0,none,0.0,0.75,0.0125,0.00625,0.9,False,4,6
g04_c06,0,poisson_excitatory,10.0,0.25,0.04375,0.04375,0.65,False,4,6
g04_c06,1,none,0.0,0.75,0.0125,0.00625,0.9,False,4,6
g04_c06,1,poisson_excitatory,10.0,0.25,0.0125,0.025,0.9,False,4,6
g04_c07,0,none,0.0,0.75,0.03125,0.0625,0.85,False,4,7
g04_c07,0,poisson_excitatory,10.0,0.25,0.03125,0.06875,0.85,False,4,7
g04_c07,1,none,0.0,0.75,0.03125,0.0625,0.85,False,4,7
g04_c07,1,poisson_excitatory,10.0,0.25,0.04375,0.0875,0.75,False,4,7
g04_c08,0,none,0.0,0.75,0.0375,0.125,0.8,False,4,8
g04_c08,0,poisson_excitatory,10.0,0.25,0.03125,0.11875,0.85,False,4,8
g04_c08,1,none,0.0,0.75,0.0375,0.125,0.8,False,4,8
g04_c08,1,poisson_excitatory,10.0,0.25,0.03125,0.11875,0.85,False,4,8
g04_c09,0,none,0.0,0.75,0.06875,0.15,0.65,False,4,9
g04_c09,0,poisson_excitatory,10.0,0.25,0.06875,0.15,0.65,False,4,9
g04_c09,1,none,0.0,0.75,0.06875,0.15,0.65,False,4,9
g04_c09,1,poisson_excitatory,10.0,0.25,0.06875,0.15,0.65,False,4,9
g05_c00,0,none,0.0,0.75,0.01875,0.01875,0.85,False,5,0
g05_c00,0,poisson_excitatory,10.0,0.25,0.01875,0.01875,0.85,False,5,0
g05_c00,1,none,0.0,0.75,0.01875,0.01875,0.85,False,5,0
g05_c00,1,poisson_excitatory,10.0,0.25,0.01875,0.01875,0.85,False,5,0
g05_c01,0,none,0.0,0.75,0.0625,0.14375,0.7,False,5,1
g05_c01,0,poisson_excitatory,10.0,0.25,0.0625,0.14375,0.7,False,5,1
g05_c01,1,none,0.0,0.75,0.0625,0.14375,0.7,False,5,1
g05_c01,1,poisson_excitatory,10.0,0.25,0.0625,0.14375,0.7,False,5,1
g05_c02,0,none,0.0,0.75,0.0,0.0,1.0,True,5,2
g05_c02,0,poisson_excitatory,10.0,0.25,0.0125,0.03125,0.9,False,5,2
g05_c02,1,none,0.0,0.75,0.0,0.0,1.0,True,5,2
g05_c02,1,poisson_excitatory,10.0,0.25,0.03125,0.05,0.85,False,5,2
g05_c03,0,none,0.0,0.75,0.0,0.0,1.0,True,5,3
g05_c03,0,poisson_excitatory,10.0,0.25,0.0,0.0,1.0,True,5,3
g05_c03,1,none,0.0,0.75,0.0,0.0,1.0,True,5,3
g05_c03,1,poisson_excitatory,10.0,0.25,0.0,0.0,1.0,True,5,3
g05_c04,0,none,0.0,0.75,0.00625,0.00625,0.95,False,5,4
g05_c04,0,poisson_excitatory,10.0,0.25,0.00625,0.00625,0.95,False,5,4
g05_c04,1,none,0.0,0.75,0.00625,0.00625,0.95,False,5,4
g05_c04,1,poisson_excitatory,10.0,0.25,0.00625,0.00625,0.95,False,5,4
g05_c05,0,none,0.0,0.75,0.0875,0.175,0.75,False,5,5
g05_c05,0,poisson_excitatory,10.0,0.25,0.03125,0.1,0.85,False,5,5
g05_c05,1,none,0.0,0.75,0.0875,0.175,0.75,False,5,5
g05_c05,1,poisson_excitatory,10.0,0.25,0.075,0.14375,0.8,False,5,5
g05_c06,0,none,0.0,0.75,0.0875,0.175,0.75,False,5,6
g05_c06,0,poisson_excitatory,10.0,0.25,0.0625,0.14375,0.75,False,5,6
g05_c06,1,none,0.0,0.75,0.0875,0.175,0.75,False,5,6
g05_c06,1,poisson_excitatory,10.0,0.25,0.1,0.18125,0.65,False,5,6
g05_c07,0,none,0.0,0.75,0.0,0.0,1.0,True,5,7
g05_c07,0,poisson_excitatory,10.0,0.25,0.0,0.0,1.0,True,5,7
g05_c07,1,none,0.0,0.75,0.0,0.0,1.0,True,5,7
g05_c07,1,poisson_excitatory,10.0,0.25,0.0,0.0,1.0,True,5,7
g05_c08,0,none,0.0,0.75,0.00625,0.00625,0.95,False,5,8
g05_c08,0,poisson_excitatory,10.0,0.25,0.00625,0.00625,0.95,False,5,8
g05_c08,1,none,0.0,0.75,0.00625,0.00625,0.95,False,5,8
g05_c08,1,poisson_excitatory,10.0,0.25,0.0,0.0,1.0,True,5,8
g05_c09,0,none,0.0,0.75,0.1875,0.36875,0.4,False,5,9
g05_c09,0,poisson_excitatory,10.0,0.25,0.23125,0.43125,0.25,False,5,9
g05_c09,1,none,0.0,0.75,0.1875,0.36875,0.4,False,5,9
g05_c09,1,poisson_excitatory,10.0,0.25,0.23125,0.41875,0.30000000000000004,False,5,9
g06_c00,0,none,0.0,0.75,0.13125,0.23125,0.30000000000000004,False,6,0
g06_c00,0,poisson_excitatory,10.0,0.25,0.125,0.175,0.35,False,6,0
g06_c00,1,none,0.0,0.75,0.13125,0.23125,0.30000000000000004,False,6,0
g06_c00,1,poisson_excitatory,10.0,0.25,0.11875,0.19375,0.35,False,6,0
g06_c01,0,none,0.0,0.75,0.175,0.35625,0.5,False,6,1
g06_c01,0,poisson_excitatory,10.0,0.25,0.18125,0.3625,0.44999999999999996,False,6,1
g06_c01,1,none,0.0,0.75,0.175,0.35625,0.5,False,6,1
g06_c01,1,poisson_excitatory,10.0,0.25,0.18125,0.3625,0.44999999999999996,False,6,1
g06_c02,0,none,0.0,0.75,0.0,0.025,1.0,True,6,2
g06_c02,0,poisson_excitatory,10.0,0.25,0.0,0.025,1.0,True,6,2
g06_c02,1,none,0.0,0.75,0.0,0.025,1.0,True,6,2
g06_c02,1,poisson_excitatory,10.0,0.25,0.0,0.0125,1.0,True,6,2
g06_c03,0,none,0.0,0.75,0.025,0.05625,0.85,False,6,3
g06_c03,0,poisson_excitatory,10.0,0.25,0.00625,0.03125,0.95,False,6,3
g06_c03,1,none,0.0,0.75,0.025,0.05625,0.85,False,6,3
g06_c03,1,poisson_excitatory,10.0,0.25,0.01875,0.03125,0.85,False,6,3
g06_c04,0,none,0.0,0.75,0.01875,0.03125,0.85,False,6,4
g06_c04,0,poisson_excitatory,10.0,0.25,0.00625,0.01875,0.95,False,6,4
g06_c04,1,none,0.0,0.75,0.01875,0.03125,0.85,False,6,4
g06_c04,1,poisson_excitatory,10.0,0.25,0.0125,0.01875,0.9,False,6,4
g06_c05,0,none,0.0,0.75,0.0375,0.075,0.8,False,6,5
g06_c05,0,poisson_excitatory,10.0,0.25,0.08125,0.1125,0.5,False,6,5
g06_c05,1,none,0.0,0.75,0.0375,0.075,0.8,False,6,5
g06_c05,1,poisson_excitatory,10.0,0.25,0.05625,0.1,0.6,False,6,5
g06_c06,0,none,0.0,0.75,0.05,0.06875,0.65,False,6,6
g06_c06,0,poisson_excitatory,10.0,0.25,0.04375,0.075,0.7,False,6,6
g06_c06,1,none,0.0,0.75,0.05,0.06875,0.65,False,6,6
g06_c06,1,poisson_excitatory,10.0,0.25,0.04375,0.04375,0.65,False,6,6
g06_c07,0,none,0.0,0.75,0.0,0.0,1.0,True,6,7
g06_c07,0,poisson_excitatory,10.0,0.25,0.0,0.0,1.0,True,6,7
g06_c07,1,none,0.0,0.75,0.0,0.0,1.0,True,6,7
g06_c07,1,poisson_excitatory,10.0,0.25,0.0,0.0,1.0,True,6,7
g06_c08,0,none,0.0,0.75,0.39375,0.1375,0.050000000000000044,False,6,8
g06_c08,0,poisson_excitatory,10.0,0.25,0.375,0.15625,0.050000000000000044,False,6,8
g06_c08,1,none,0.0,0.75,0.39375,0.1375,0.050000000000000044,False,6,8
g06_c08,1,poisson_excitatory,10.0,0.25,0.35625,0.1875,0.050000000000000044,False,6,8
g06_c09,0,none,0.0,0.75,0.175,0.38125,0.35,False,6,9
g06_c09,0,poisson_excitatory,10.0,0.25,0.15625,0.3375,0.35,False,6,9
g06_c09,1,none,0.0,0.75,0.175,0.38125,0.35,False,6,9
g06_c09,1,poisson_excitatory,10.0,0.25,0.175,0.3625,0.35,False,6,9
g07_c00,0,none,0.0,0.75,0.20625,0.36875,0.25,False,7,0
g07_c00,0,poisson_excitatory,10.0,0.25,0.175,0.34375,0.30000000000000004,False,7,0
g07_c00,1,none,0.0,0.75,0.20625,0.36875,0.25,False,7,0
g07_c00,1,poisson_excitatory,10.0,0.25,0.19375,0.35625,0.35,False,7,0
g07_c01,0,none,0.0,0.75,0.00625,0.00625,0.95,False,7,1
g07_c01,0,poisson_excitatory,10.0,0.25,0.00625,0.00625,0.95,False,7,1
g07_c01,1,none,0.0,0.75,0.00625,0.00625,0.95,False,7,1
g07_c01,1,poisson_excitatory,10.0,0.25,0.00625,0.00625,0.95,False,7,1
g07_c02,0,none,0.0,0.75,0.0,0.0,1.0,True,7,2
g07_c02,0,poisson_excitatory,10.0,0.25,0.0,0.0,1.0,True,7,2
g07_c02,1,none,0.0,0.75,0.0,0.0,1.0,True,7,2
g07_c02,1,poisson_excitatory,10.0,0.25,0.0,0.0,1.0,True,7,2
g07_c03,0,none,0.0,0.75,0.0625,0.14375,0.7,False,7,3
g07_c03,0,poisson_excitatory,10.0,0.25,0.04375,0.11875,0.75,False,7,3
g07_c03,1,none,0.0,0.75,0.0625,0.14375,0.7,False,7,3
g07_c03,1,poisson_excitatory,10.0,0.25,0.05,0.1125,0.65,False,7,3
g07_c04,0,none,0.0,0.75,0.00625,0.00625,0.95,False,7,4
g07_c04,0,poisson_excitatory,10.0,0.25,0.00625,0.00625,0.95,False,7,4
g07_c04,1,none,0.0,0.75,0.00625,0.00625,0.95,False,7,4
g07_c04,1,poisson_excitatory,10.0,0.25,0.0125,0.0125,0.9,False,7,4
g07_c05,0,none,0.0,0.75,0.075,0.175,0.6,False,7,5
g07_c05,0,poisson_excitatory,10.0,0.25,0.08125,0.15625,0.5,False,7,5
g07_c05,1,none,0.0,0.75,0.075,0.175,0.6,False,7,5
g07_c05,1,poisson_excitatory,10.0,0.25,0.075,0.1625,0.55,False,7,5
g07_c06,0,none,0.0,0.75,0.01875,0.05625,0.85,False,7,6
g07_c06,0,poisson_excitatory,10.0,0.25,0.00625,0.0375,0.95,False,7,6
g07_c06,1,none,0.0,0.75,0.01875,0.05625,0.85,False,7,6
g07_c06,1,poisson_excitatory,10.0,0.25,0.00625,0.025,0.95,False,7,6
g07_c07,0,none,0.0,0.75,0.0,0.0,1.0,True,7,7
g07_c07,0,poisson_excitatory,10.0,0.25,0.00625,0.01875,0.95,False,7,7
g07_c07,1,none,0.0,0.75,0.0,0.0,1.0,True,7,7
g07_c07,1,poisson_excitatory,10.0,0.25,0.0125,0.01875,0.9,False,7,7
g07_c08,0,none,0.0,0.75,0.0,0.0,1.0,True,7,8
g07_c08,0,poisson_excitatory,10.0,0.25,0.0125,0.0125,0.9,False,7,8
g07_c08,1,none,0.0,0.75,0.0,0.0,1.0,True,7,8
g07_c08,1,poisson_excitatory,10.0,0.25,0.00625,0.00625,0.95,False,7,8
g07_c09,0,none,0.0,0.75,0.04375,0.1,0.7,False,7,9
g07_c09,0,poisson_excitatory,10.0,0.25,0.04375,0.1,0.7,False,7,9
g07_c09,1,none,0.0,0.75,0.04375,0.1,0.7,False,7,9
g07_c09,1,poisson_excitatory,10.0,0.25,0.04375,0.1,0.7,False,7,9
g08_c00,0,none,0.0,0.75,0.18125,0.35,0.19999999999999996,False,8,0
g08_c00,0,poisson_excitatory,10.0,0.25,0.15625,0.325,0.19999999999999996,False,8,0
g08_c00,1,none,0.0,0.75,0.18125,0.35,0.19999999999999996,False,8,0
g08_c00,1,poisson_excitatory,10.0,0.25,0.15625,0.325,0.19999999999999996,False,8,0
g08_c01,0,none,0.0,0.75,0.0,0.0,1.0,True,8,1
g08_c01,0,poisson_excitatory,10.0,0.25,0.0,0.0,1.0,True,8,1
g08_c01,1,none,0.0,0.75,0.0,0.0,1.0,True,8,1
g08_c01,1,poisson_excitatory,10.0,0.25,0.0,0.0,1.0,True,8,1
g08_c02,0,none,0.0,0.75,0.0,0.0,1.0,True,8,2
g08_c02,0,poisson_excitatory,10.0,0.25,0.0,0.0,1.0,True,8,2
g08_c02,1,none,0.0,0.75,0.0,0.0,1.0,True,8,2
g08_c02,1,poisson_excitatory,10.0,0.25,0.0,0.0,1.0,True,8,2
g08_c03,0,none,0.0,0.75,0.00625,0.0125,0.95,False,8,3
g08_c03,0,poisson_excitatory,10.0,0.25,0.00625,0.0125,0.95,False,8,3
g08_c03,1,none,0.0,0.75,0.00625,0.0125,0.95,False,8,3
g08_c03,1,poisson_excitatory,10.0,0.25,0.0125,0.0125,0.9,False,8,3
g08_c04,0,none,0.0,0.75,0.00625,0.00625,0.95,False,8,4
g08_c04,0,poisson_excitatory,10.0,0.25,0.00625,0.00625,0.95,False,8,4
g08_c04,1,none,0.0,0.75,0.00625,0.00625,0.95,False,8,4
g08_c04,1,poisson_excitatory,10.0,0.25,0.00625,0.00625,0.95,False,8,4
g08_c05,0,none,0.0,0.75,0.0,0.0,1.0,True,8,5
g08_c05,0,poisson_excitatory,10.0,0.25,0.0,0.0,1.0,True,8,5
g08_c05,1,none,0.0,0.75,0.0,0.0,1.0,True,8,5
g08_c05,1,poisson_excitatory,10.0,0.25,0.0,0.0,1.0,True,8,5
g08_c06,0,none,0.0,0.75,0.06875,0.15,0.65,False,8,6
g08_c06,0,poisson_excitatory,10.0,0.25,0.0625,0.14375,0.65,False,8,6
g08_c06,1,none,0.0,0.75,0.06875,0.15,0.65,False,8,6
g08_c06,1,poisson_excitatory,10.0,0.25,0.0625,0.14375,0.65,False,8,6
g08_c07,0,none,0.0,0.75,0.01875,0.01875,0.85,False,8,7
g08_c07,0,poisson_excitatory,10.0,0.25,0.0125,0.0125,0.9,False,8,7
g08_c07,1,none,0.0,0.75,0.01875,0.01875,0.85,False,8,7
g08_c07,1,poisson_excitatory,10.0,0.25,0.01875,0.01875,0.85,False,8,7
g08_c08,0,none,0.0,0.75,0.21875,0.275,0.15000000000000002,False,8,8
g08_c08,0,poisson_excitatory,10.0,0.25,0.20625,0.275,0.19999999999999996,False,8,8
g08_c08,1,none,0.0,0.75,0.21875,0.275,0.15000000000000002,False,8,8
g08_c08,1,poisson_excitatory,10.0,0.25,0.21875,0.275,0.15000000000000002,False,8,8
g08_c09,0,none,0.0,0.75,0.05625,0.125,0.75,False,8,9
g08_c09,0,poisson_excitatory,10.0,0.25,0.05,0.11875,0.75,False,8,9
g08_c09,1,none,0.0,0.75,0.05625,0.125,0.75,False,8,9
g08_c09,1,poisson_excitatory,10.0,0.25,0.0625,0.125,0.7,False,8,9
g09_c00,0,none,0.0,0.75,0.04375,0.14375,0.8,False,9,0
g09_c00,0,poisson_excitatory,10.0,0.25,0.05,0.125,0.65,False,9,0
g09_c00,1,none,0.0,0.75,0.04375,0.14375,0.8,False,9,0
g09_c00,1,poisson_excitatory,10.0,0.25,0.05625,0.11875,0.65,False,9,0
g09_c01,0,none,0.0,0.75,0.0,0.0,1.0,True,9,1
g09_c01,0,poisson_excitatory,10.0,0.25,0.0,0.0,1.0,True,9,1
g09_c01,1,none,0.0,0.75,0.0,0.0,1.0,True,9,1
g09_c01,1,poisson_excitatory,10.0,0.25,0.0,0.0,1.0,True,9,1
g09_c02,0,none,0.0,0.75,0.0375,0.125,0.8,False,9,2
g09_c02,0,poisson_excitatory,10.0,0.25,0.03125,0.1125,0.85,False,9,2
g09_c02,1,none,0.0,0.75,0.0375,0.125,0.8,False,9,2
g09_c02,1,poisson_excitatory,10.0,0.25,0.03125,0.10625,0.85,False,9,2
g09_c03,0,none,0.0,0.75,0.0,0.0,1.0,True,9,3
g09_c03,0,poisson_excitatory,10.0,0.25,0.0,0.0,1.0,True,9,3
g09_c03,1,none,0.0,0.75,0.0,0.0,1.0,True,9,3
g09_c03,1,poisson_excitatory,10.0,0.25,0.0,0.0,1.0,True,9,3
g09_c04,0,none,0.0,0.75,0.0,0.0,1.0,True,9,4
g09_c04,0,poisson_excitatory,10.0,0.25,0.00625,0.00625,0.95,False,9,4
g09_c04,1,none,0.0,0.75,0.0,0.0,1.0,True,9,4
g09_c04,1,poisson_excitatory,10.0,0.25,0.0,0.0,1.0,True,9,4
g09_c05,0,none,0.0,0.75,0.0,0.0,1.0,True,9,5
g09_c05,0,poisson_excitatory,10.0,0.25,0.0,0.0,1.0,True,9,5
g09_c05,1,none,0.0,0.75,0.0,0.0,1.0,True,9,5
g09_c05,1,poisson_excitatory,10.0,0.25,0.0,0.0,1.0,True,9,5
g09_c06,0,none,0.0,0.75,0.00625,0.00625,0.95,False,9,6
g09_c06,0,poisson_excitatory,10.0,0.25,0.0125,0.0125,0.9,False,9,6
g09_c06,1,none,0.0,0.75,0.00625,0.00625,0.95,False,9,6
g09_c06,1,poisson_excitatory,10.0,0.25,0.00625,0.00625,0.95,False,9,6
g09_c07,0,none,0.0,0.75,0.0,0.0,1.0,True,9,7
g09_c07,0,poisson_excitatory,10.0,0.25,0.0,0.0,1.0,True,9,7
g09_c07,1,none,0.0,0.75,0.0,0.0,1.0,True,9,7
g09_c07,1,poisson_excitatory,10.0,0.25,0.0,0.0,1.0,True,9,7
g09_c08,0,none,0.0,0.75,0.0,0.0,1.0,True,9,8
g09_c08,0,poisson_excitatory,10.0,0.25,0.0,0.0,1.0,True,9,8
g09_c08,1,none,0.0,0.75,0.0,0.0,1.0,True,9,8
g09_c08,1,poisson_excitatory,10.0,0.25,0.0,0.0,1.0,True,9,8
g09_c09,0,none,0.0,0.75,0.0,0.0,1.0,True,9,9
g09_c09,0,poisson_excitatory,10.0,0.25,0.0,0.0,1.0,True,9,9
g09_c09,1,none,0.0,0.75,0.0,0.0,1.0,True,9,9
g09_c09,1,poisson_excitatory,10.0,0.25,0.0,0.0,1.0,True,9,9
g10_c00,0,none,0.0,0.75,0.00625,0.00625,0.95,False,10,0
g10_c00,0,poisson_excitatory,10.0,0.25,0.00625,0.00625,0.95,False,10,0
g10_c00,1,none,0.0,0.75,0.00625,0.00625,0.95,False,10,0
g10_c00,1,poisson_excitatory,10.0,0.25,0.00625,0.00625,0.95,False,10,0
g10_c01,0,none,0.0,0.75,0.0,0.0,1.0,True,10,1
g10_c01,0,poisson_excitatory,10.0,0.25,0.0,0.0,1.0,True,10,1
g10_c01,1,none,0.0,0.75,0.0,0.0,1.0,True,10,1
g10_c01,1,poisson_excitatory,10.0,0.25,0.0,0.0,1.0,True,10,1
g10_c02,0,none,0.0,0.75,0.0,0.0,1.0,True,10,2
g10_c02,0,poisson_excitatory,10.0,0.25,0.0,0.0,1.0,True,10,2
g10_c02,1,none,0.0,0.75,0.0,0.0,1.0,True,10,2
g10_c02,1,poisson_excitatory,10.0,0.25,0.0,0.0,1.0,True,10,2
g10_c03,0,none,0.0,0.75,0.0375,0.125,0.8,False,10,3
g10_c03,0,poisson_excitatory,10.0,0.25,0.03125,0.1125,0.85,False,10,3
g10_c03,1,none,0.0,0.75,0.0375,0.125,0.8,False,10,3
g10_c03,1,poisson_excitatory,10.0,0.25,0.03125,0.1125,0.85,False,10,3
g10_c04,0,none,0.0,0.75,0.0,0.0,1.0,True,10,4
g10_c04,0,poisson_excitatory,10.0,0.25,0.0,0.0,1.0,True,10,4
g10_c04,1,none,0.0,0.75,0.0,0.0,1.0,True,10,4
g10_c04,1,poisson_excitatory,10.0,0.25,0.0,0.0,1.0,True,10,4
g10_c05,0,none,0.0,0.75,0.0,0.0,1.0,True,10,5
g10_c05,0,poisson_excitatory,10.0,0.25,0.0,0.0,1.0,True,10,5
g10_c05,1,none,0.0,0.75,0.0,0.0,1.0,True,10,5
g10_c05,1,poisson_excitatory,10.0,0.25,0.0,0.0,1.0,True,10,5
g10_c06,0,none,0.0,0.75,0.0125,0.0,0.9,False,10,6
g10_c06,0,poisson_excitatory,10.0,0.25,0.0125,0.0,0.9,False,10,6
g10_c06,1,none,0.0,0.75,0.0125,0.0,0.9,False,10,6
g10_c06,1,poisson_excitatory,10.0,0.25,0.0125,0.0,0.9,False,10,6
g10_c07,0,none,0.0,0.75,0.0,0.0,1.0,True,10,7
g10_c07,0,poisson_excitatory,10.0,0.25,0.0,0.0,1.0,True,10,7
g10_c07,1,none,0.0,0.75,0.0,0.0,1.0,True,10,7
g10_c07,1,poisson_excitatory,10.0,0.25,0.0,0.0,1.0,True,10,7
g10_c08,0,none,0.0,0.75,0.04375,0.09375,0.65,False,10,8
g10_c08,0,poisson_excitatory,10.0,0.25,0.0375,0.06875,0.7,False,10,8
g10_c08,1,none,0.0,0.75,0.04375,0.09375,0.65,False,10,8
g10_c08,1,poisson_excitatory,10.0,0.25,0.04375,0.0875,0.7,False,10,8
g10_c09,0,none,0.0,0.75,0.0,0.0,1.0,True,10,9
g10_c09,0,poisson_excitatory,10.0,0.25,0.0,0.0,1.0,True,10,9
g10_c09,1,none,0.0,0.75,0.0,0.0,1.0,True,10,9
g10_c09,1,poisson_excitatory,10.0,0.25,0.0,0.0,1.0,True,10,9
g11_c00,0,none,0.0,0.75,0.0,0.0,1.0,True,11,0
g11_c00,0,poisson_excitatory,10.0,0.25,0.0,0.0,1.0,True,11,0
g11_c00,1,none,0.0,0.75,0.0,0.0,1.0,True,11,0
g11_c00,1,poisson_excitatory,10.0,0.25,0.0,0.0,1.0,True,11,0
g11_c01,0,none,0.0,0.75,0.0,0.0,1.0,True,11,1
g11_c01,0,poisson_excitatory,10.0,0.25,0.0,0.0,1.0,True,11,1
g11_c01,1,none,0.0,0.75,0.0,0.0,1.0,True,11,1
g11_c01,1,poisson_excitatory,10.0,0.25,0.0,0.0,1.0,True,11,1
g11_c02,0,none,0.0,0.75,0.0,0.0,1.0,True,11,2
g11_c02,0,poisson_excitatory,10.0,0.25,0.0,0.0,1.0,True,11,2
g11_c02,1,none,0.0,0.75,0.0,0.0,1.0,True,11,2
g11_c02,1,poisson_excitatory,10.0,0.25,0.0,0.0,1.0,True,11,2
g11_c03,0,none,0.0,0.75,0.0,0.0,1.0,True,11,3
g11_c03,0,poisson_excitatory,10.0,0.25,0.0,0.0,1.0,True,11,3
g11_c03,1,none,0.0,0.75,0.0,0.0,1.0,True,11,3
g11_c03,1,poisson_excitatory,10.0,0.25,0.0,0.0,1.0,True,11,3
g11_c04,0,none,0.0,0.75,0.0,0.0,1.0,True,11,4
g11_c04,0,poisson_excitatory,10.0,0.25,0.0,0.0,1.0,True,11,4
g11_c04,1,none,0.0,0.75,0.0,0.0,1.0,True,11,4
g11_c04,1,poisson_excitatory,10.0,0.25,0.0,0.0,1.0,True,11,4
g11_c05,0,none,0.0,0.75,0.0,0.0,1.0,True,11,5
g11_c05,0,poisson_excitatory,10.0,0.25,0.00625,0.00625,0.95,False,11,5
g11_c05,1,none,0.0,0.75,0.0,0.0,1.0,True,11,5
g11_c05,1,poisson_excitatory,10.0,0.25,0.0125,0.01875,0.9,False,11,5
g11_c06,0,none,0.0,0.75,0.00625,0.0125,0.95,False,11,6
g11_c06,0,poisson_excitatory,10.0,0.25,0.00625,0.0125,0.95,False,11,6
g11_c06,1,none,0.0,0.75,0.00625,0.0125,0.95,False,11,6
g11_c06,1,poisson_excitatory,10.0,0.25,0.00625,0.0125,0.95,False,11,6
g11_c07,0,none,0.0,0.75,0.0,0.0,1.0,True,11,7
g11_c07,0,poisson_excitatory,10.0,0.25,0.0,0.0,1.0,True,11,7
g11_c07,1,none,0.0,0.75,0.0,0.0,1.0,True,11,7
g11_c07,1,poisson_excitatory,10.0,0.25,0.0,0.0,1.0,True,11,7
g11_c08,0,none,0.0,0.75,0.0,0.0,1.0,True,11,8
g11_c08,0,poisson_excitatory,10.0,0.25,0.0125,0.025,0.9,False,11,8
g11_c08,1,none,0.0,0.75,0.0,0.0,1.0,True,11,8
g11_c08,1,poisson_excitatory,10.0,0.25,0.0125,0.01875,0.9,False,11,8
g11_c09,0,none,0.0,0.75,0.0,0.0,1.0,True,11,9
g11_c09,0,poisson_excitatory,10.0,0.25,0.0,0.0,1.0,True,11,9
g11_c09,1,none,0.0,0.75,0.0,0.0,1.0,True,11,9
g11_c09,1,poisson_excitatory,10.0,0.25,0.0,0.0,1.0,True,11,9
