algorithm,noise_type,noise_rate_hz,n_paired_units,baseline_ber_mean,noise_ber_mean,mean_delta_ber,median_delta_ber,wilcoxon_statistic,p_value,p_holm,significant_holm_0_05
AES,poisson_excitatory,5.0,24,0.023193359375,0.020711263020833332,-0.0024820963541666665,-0.0029296875,28.5,0.0008062341668495048,0.005643639167946533,True
AES,poisson_excitatory,10.0,24,0.023193359375,0.018513997395833332,-0.004679361979166667,-0.00439453125,1.5,3.228901736249377e-05,0.0003228901736249377,True
AES,poisson_excitatory,25.0,24,0.023193359375,0.024007161458333332,0.0008138020833333334,0.0009765625,87.5,0.3288347422660186,0.6576694845320372,False
AES,poisson_excitatory,50.0,24,0.023193359375,0.057373046875,0.0341796875,0.0322265625,0.0,1.7877382743315704e-05,0.00026552327833288954,True
AES,poisson_excitatory,100.0,24,0.023193359375,0.14774576822916666,0.12455240885416667,0.125,0.0,1.812588280620125e-05,0.00026552327833288954,True
AES,poisson_inhibitory,5.0,24,0.023193359375,0.022054036458333332,-0.0011393229166666667,-0.0009765625,53.0,0.015959689926694415,0.047879069780083244,True
AES,poisson_inhibitory,10.0,24,0.023193359375,0.021728515625,-0.00146484375,-0.001953125,43.0,0.011173338103261984,0.044693352413047935,True
AES,poisson_inhibitory,25.0,24,0.023193359375,0.023111979166666668,-8.138020833333333e-05,-0.00048828125,115.0,0.9860891677828639,0.9860891677828639,False
AES,poisson_inhibitory,50.0,24,0.023193359375,0.031575520833333336,0.008382161458333334,0.0078125,0.0,1.77015518888593e-05,0.00026552327833288954,True
AES,poisson_inhibitory,100.0,24,0.023193359375,0.11678059895833333,0.09358723958333333,0.09375,0.0,1.798354792980129e-05,0.00026552327833288954,True
AES,poisson_mixed,5.0,24,0.023193359375,0.021443684895833332,-0.0017496744791666667,-0.001953125,49.5,0.006832659282682963,0.03416329641341481,True
AES,poisson_mixed,10.0,24,0.023193359375,0.0191650390625,-0.0040283203125,-0.00390625,14.0,9.801045341867182e-05,0.0007840836273493746,True
AES,poisson_mixed,25.0,24,0.023193359375,0.019246419270833332,-0.003946940104166667,-0.00390625,10.5,6.43874918250016e-05,0.0005794874264250144,True
AES,poisson_mixed,50.0,24,0.023193359375,0.020711263020833332,-0.0024820963541666665,-0.0029296875,33.5,0.004281978658648075,0.025691871951888448,True
AES,poisson_mixed,100.0,24,0.023193359375,0.028971354166666668,0.005777994791666667,0.00537109375,0.0,1.7719072649544354e-05,0.00026552327833288954,True
ChaCha20,poisson_excitatory,5.0,24,0.02751068376068376,0.022881054131054134,-0.00462962962962963,-0.004273504273504276,0.0,1.775415566607832e-05,0.00025645465679166227,True
ChaCha20,poisson_excitatory,10.0,24,0.02751068376068376,0.01954237891737892,-0.007968304843304843,-0.00747863247863248,0.0,2.6243481276934324e-05,0.00025645465679166227,True
ChaCha20,poisson_excitatory,25.0,24,0.02751068376068376,0.023192663817663817,-0.004318019943019944,-0.005341880341880342,32.0,0.0012486285558813833,0.0024972571117627667,True
ChaCha20,poisson_excitatory,50.0,24,0.02751068376068376,0.05511039886039887,0.027599715099715105,0.02938034188034188,0.0,1.814373762485085e-05,0.00025645465679166227,True
ChaCha20,poisson_excitatory,100.0,24,0.02751068376068376,0.150462962962963,0.1229522792022792,0.12232905982905984,0.0,1.812588280620125e-05,0.00025645465679166227,True
ChaCha20,poisson_inhibitory,5.0,24,0.02751068376068376,0.02488425925925926,-0.0026264245014245013,-0.002136752136752136,2.5,3.102881177061047e-05,0.00025645465679166227,True
ChaCha20,poisson_inhibitory,10.0,24,0.02751068376068376,0.023904914529914528,-0.0036057692307692305,-0.003205128205128206,0.0,2.524076954726539e-05,0.00025645465679166227,True
ChaCha20,poisson_inhibitory,25.0,24,0.02751068376068376,0.02506232193732194,-0.002448361823361823,-0.002136752136752136,11.5,0.00028261987156618263,0.0011304794862647305,True
ChaCha20,poisson_inhibitory,50.0,24,0.02751068376068376,0.03147257834757835,0.003961894586894586,0.004273504273504272,25.5,0.0003695010690736906,0.0011304794862647305,True
ChaCha20,poisson_inhibitory,100.0,24,0.02751068376068376,0.11618589743589743,0.0886752136752137,0.08920940170940171,0.0,1.809021518874531e-05,0.00025645465679166227,True
ChaCha20,poisson_mixed,5.0,24,0.02751068376068376,0.02381588319088319,-0.0036948005698005707,-0.0032051282051282076,0.0,1.709697711944415e-05,0.00025645465679166227,True
ChaCha20,poisson_mixed,10.0,24,0.02751068376068376,0.021233974358974363,-0.006276709401709403,-0.006410256410256408,0.0,1.794810383208005e-05,0.00025645465679166227,True
ChaCha20,poisson_mixed,25.0,24,0.02751068376068376,0.01936431623931624,-0.00814636752136752,-0.008547008547008548,0.0,1.77015518888593e-05,0.00025645465679166227,True
ChaCha20,poisson_mixed,50.0,24,0.02751068376068376,0.019720441595441594,-0.007790242165242164,-0.008012820512820512,0.0,2.6756492477218083e-05,0.00025645465679166227,True
ChaCha20,poisson_mixed,100.0,24,0.02751068376068376,0.02853454415954416,0.0010238603988603986,0.0016025641025641003,114.5,0.47437916085680143,0.47437916085680143,False
DES,poisson_excitatory,5.0,24,0.01171875,0.013020833333333334,0.0013020833333333333,0.0010416666666666673,45.0,0.013824976133542938,0.027649952267085876,True
DES,poisson_excitatory,10.0,24,0.01171875,0.014930555555555556,0.003211805555555556,0.003125,7.5,0.000170441802925539,0.000681767211702156,True
DES,poisson_excitatory,25.0,24,0.01171875,0.025347222222222226,0.013628472222222222,0.011979166666666667,0.0,1.7912715457470545e-05,0.0002665757690631366,True
DES,poisson_excitatory,50.0,24,0.01171875,0.05633680555555556,0.04461805555555556,0.04479166666666666,0.0,1.812588280620125e-05,0.0002665757690631366,True
DES,poisson_excitatory,100.0,24,0.01171875,0.1482638888888889,0.1365451388888889,0.13541666666666669,0.0,1.8072402374229977e-05,0.0002665757690631366,True
DES,poisson_inhibitory,5.0,24,0.01171875,0.014583333333333332,0.0028645833333333336,0.0020833333333333346,0.0,5.7604946928675804e-05,0.00034562968157205484,True
DES,poisson_inhibitory,10.0,24,0.01171875,0.01579861111111111,0.004079861111111111,0.004166666666666666,0.0,3.8391641545175015e-05,0.0002687414908162251,True
DES,poisson_inhibitory,25.0,24,0.01171875,0.01875,0.00703125,0.007291666666666665,0.0,1.777171793754244e-05,0.0002665757690631366,True
DES,poisson_inhibitory,50.0,24,0.01171875,0.02634548611111111,0.014626736111111113,0.014583333333333334,0.0,1.796581891163422e-05,0.0002665757690631366,True
DES,poisson_inhibitory,100.0,24,0.01171875,0.11228298611111111,0.10056423611111111,0.10208333333333333,0.0,1.812588280620125e-05,0.0002665757690631366,True
DES,poisson_mixed,5.0,24,0.01171875,0.012630208333333332,0.0009114583333333332,0.0010416666666666664,47.0,0.05131190843758202,0.05131190843758202,False
DES,poisson_mixed,10.0,24,0.01171875,0.014843749999999998,0.0031249999999999997,0.0031249999999999993,6.0,8.7838524122738e-05,0.00043919262061369003,True
DES,poisson_mixed,25.0,24,0.01171875,0.016276041666666668,0.004557291666666667,0.0046875,8.0,0.0001839321372914325,0.000681767211702156,True
DES,poisson_mixed,50.0,24,0.01171875,0.02065972222222222,0.008940972222222223,0.008854166666666666,0.0,1.809021518874531e-05,0.0002665757690631366,True
DES,poisson_mixed,100.0,24,0.01171875,0.03090277777777778,0.01918402777777778,0.019791666666666666,0.0,1.798354792980129e-05,0.0002665757690631366,True
ECIES,poisson_excitatory,5.0,24,0.0,0.0019202441077441077,0.0019202441077441077,0.001893939393939394,0.0,2.416242040976308e-05,0.00024491375774063833,True
ECIES,poisson_excitatory,10.0,24,0.0,0.00428766835016835,0.00428766835016835,0.003787878787878788,0.0,1.71310739610361e-05,0.00024491375774063833,True
ECIES,poisson_excitatory,25.0,24,0.0,0.018623737373737376,0.018623737373737376,0.018308080808080808,0.0,1.7423094116737294e-05,0.00024491375774063833,True
ECIES,poisson_excitatory,50.0,24,0.0,0.05308291245791246,0.05308291245791246,0.05208333333333333,0.0,1.7912715457470545e-05,0.00024491375774063833,True
ECIES,poisson_excitatory,100.0,24,0.0,0.1473063973063973,0.1473063973063973,0.14709595959595959,0.0,1.8072402374229977e-05,0.00024491375774063833,True
ECIES,poisson_inhibitory,5.0,24,0.0,0.002025462962962963,0.002025462962962963,0.001893939393939394,0.0,1.6725475378679868e-05,0.00024491375774063833,True
ECIES,poisson_inhibitory,10.0,24,0.0,0.0030513468013468013,0.0030513468013468013,0.002840909090909091,0.0,1.6327583849375887e-05,0.00024491375774063833,True
ECIES,poisson_inhibitory,25.0,24,0.0,0.006023779461279462,0.006023779461279462,0.006313131313131313,0.0,1.7250840611220994e-05,0.00024491375774063833,True
ECIES,poisson_inhibitory,50.0,24,0.0,0.01833438552188552,0.01833438552188552,0.017676767676767676,0.0,1.7789294061551753e-05,0.00024491375774063833,True
ECIES,poisson_inhibitory,100.0,24,0.0,0.11868686868686869,0.11868686868686869,0.11805555555555555,0.0,1.7930402683303212e-05,0.00024491375774063833,True
ECIES,poisson_mixed,5.0,24,0.0,0.00165719696969697,0.00165719696969697,0.001893939393939394,0.0,2.2588460633730254e-05,0.00024491375774063833,True
ECIES,poisson_mixed,10.0,24,0.0,0.002735690235690236,0.002735690235690236,0.0025252525252525255,0.0,1.697806458040569e-05,0.00024491375774063833,True
ECIES,poisson_mixed,25.0,24,0.0,0.006839225589225589,0.006839225589225589,0.006313131313131313,0.0,1.7182320980521414e-05,0.00024491375774063833,True
ECIES,poisson_mixed,50.0,24,0.0,0.014783249158249157,0.014783249158249157,0.01452020202020202,0.0,1.784210562699394e-05,0.00024491375774063833,True
ECIES,poisson_mixed,100.0,24,0.0,0.02696233164983165,0.02696233164983165,0.025883838383838384,0.0,1.777171793754244e-05,0.00024491375774063833,True
RSA,poisson_excitatory,5.0,24,0.02490234375,0.023722330729166668,-0.0011800130208333333,-0.0009765625,29.5,0.0009170457279695961,0.0036681829118783843,True
RSA,poisson_excitatory,10.0,24,0.02490234375,0.02593994140625,0.00103759765625,0.0009765625,45.0,0.0044654760568368776,0.010731301251378103,True
RSA,poisson_excitatory,25.0,24,0.02490234375,0.036417643229166664,0.011515299479166666,0.010986328125,0.0,1.785973723933819e-05,0.00026264601019186185,True
RSA,poisson_excitatory,50.0,24,0.02490234375,0.061055501302083336,0.036153157552083336,0.034912109375,0.0,1.812588280620125e-05,0.00026264601019186185,True
RSA,poisson_excitatory,100.0,24,0.02490234375,0.14988199869791666,0.12497965494791667,0.12451171875,0.0,1.814373762485085e-05,0.00026264601019186185,True
RSA,poisson_inhibitory,5.0,24,0.02490234375,0.027506510416666668,0.0026041666666666665,0.001953125,0.0,2.546093289810896e-05,0.00026264601019186185,True
RSA,poisson_inhibitory,10.0,24,0.02490234375,0.0286865234375,0.0037841796875,0.004150390625,0.0,1.77015518888593e-05,0.00026264601019186185,True
RSA,poisson_inhibitory,25.0,24,0.02490234375,0.030069986979166668,0.005167643229166667,0.005126953125,0.0,1.785973723933819e-05,0.00026264601019186185,True
RSA,poisson_inhibitory,50.0,24,0.02490234375,0.042399088541666664,0.017496744791666668,0.01708984375,0.0,1.785973723933819e-05,0.00026264601019186185,True
RSA,poisson_inhibitory,100.0,24,0.02490234375,0.13222249348958334,0.10732014973958333,0.106201171875,0.0,1.798354792980129e-05,0.00026264601019186185,True
RSA,poisson_mixed,5.0,24,0.02490234375,0.025390625,0.00048828125,0.00048828125,99.5,0.237690589757667,0.237690589757667,False
RSA,poisson_mixed,10.0,24,0.02490234375,0.0263671875,0.00146484375,0.00146484375,42.5,0.0035771004171260344,0.010731301251378103,True
RSA,poisson_mixed,25.0,24,0.02490234375,0.029215494791666668,0.004313151041666667,0.004638671875,0.0,1.750973401279079e-05,0.00026264601019186185,True
RSA,poisson_mixed,50.0,24,0.02490234375,0.034769694010416664,0.009867350260416666,0.009521484375,0.0,1.794810383208005e-05,0.00026264601019186185,True
RSA,poisson_mixed,100.0,24,0.02490234375,0.046122233072916664,0.021219889322916668,0.020263671875,0.0,1.7895042146750995e-05,0.00026264601019186185,True
S-DES,poisson_excitatory,5.0,24,0.0020833333333333333,0.0038194444444444448,0.0017361111111111112,0.001190476190476191,1.5,0.00010673549264863083,0.0003373960828310918,True
S-DES,poisson_excitatory,10.0,24,0.0020833333333333333,0.0052579365079365075,0.003174603174603175,0.0035714285714285718,0.0,2.5049363481940317e-05,0.0002665757690631366,True
S-DES,poisson_excitatory,25.0,24,0.0020833333333333333,0.013740079365079365,0.011656746031746032,0.012499999999999999,0.0,1.7912715457470545e-05,0.0002665757690631366,True
S-DES,poisson_excitatory,50.0,24,0.0020833333333333333,0.03933531746031746,0.037251984126984126,0.0380952380952381,0.0,1.8072402374229977e-05,0.0002665757690631366,True
S-DES,poisson_excitatory,100.0,24,0.0020833333333333333,0.09930555555555555,0.09722222222222222,0.09940476190476191,0.0,1.810804199678463e-05,0.0002665757690631366,True
S-DES,poisson_inhibitory,5.0,24,0.0020833333333333333,0.003273809523809524,0.0011904761904761906,0.0011904761904761908,3.0,0.0004406254464418647,0.000538180247642427,True
S-DES,poisson_inhibitory,10.0,24,0.0020833333333333333,0.0035714285714285713,0.001488095238095238,0.0011904761904761906,2.5,7.95238791041964e-05,0.0003373960828310918,True
S-DES,poisson_inhibitory,25.0,24,0.0020833333333333333,0.005654761904761905,0.003571428571428572,0.0035714285714285718,2.0,3.393529723345771e-05,0.0002665757690631366,True
S-DES,poisson_inhibitory,50.0,24,0.0020833333333333333,0.014037698412698413,0.01195436507936508,0.013095238095238094,0.0,1.777171793754244e-05,0.0002665757690631366,True
S-DES,poisson_inhibitory,100.0,24,0.0020833333333333333,0.08779761904761905,0.08571428571428573,0.08869047619047618,0.0,1.8072402374229977e-05,0.0002665757690631366,True
S-DES,poisson_mixed,5.0,24,0.0020833333333333333,0.0036210317460317457,0.0015376984126984127,0.0011904761904761908,1.5,6.747921656621836e-05,0.0003373960828310918,True
S-DES,poisson_mixed,10.0,24,0.0020833333333333333,0.0040178571428571425,0.0019345238095238096,0.0011904761904761908,2.0,0.0002690901238212135,0.000538180247642427,True
S-DES,poisson_mixed,25.0,24,0.0020833333333333333,0.00560515873015873,0.003521825396825397,0.0035714285714285718,0.0,5.620101776200095e-05,0.0003372061065720057,True
S-DES,poisson_mixed,50.0,24,0.0020833333333333333,0.009821428571428571,0.007738095238095238,0.0071428571428571435,0.0,1.785973723933819e-05,0.0002665757690631366,True
S-DES,poisson_mixed,100.0,24,0.0020833333333333333,0.022023809523809525,0.01994047619047619,0.019642857142857142,0.0,1.7912715457470545e-05,0.0002665757690631366,True
