algorithm,noise_type,noise_rate_hz,n_observations,n_payloads,n_models,n_noise_replicates,ber_mean,ber_std,ber_ci95_low,ber_ci95_high,ciphertext_byte_accuracy_mean,ciphertext_byte_accuracy_std,ciphertext_byte_accuracy_ci95_low,ciphertext_byte_accuracy_ci95_high,decoder_tie_fraction_mean,decoder_tie_fraction_std,decoder_tie_fraction_ci95_low,decoder_tie_fraction_ci95_high,victor_purpura_mean_mean,victor_purpura_mean_std,victor_purpura_mean_ci95_low,victor_purpura_mean_ci95_high,van_rossum_mean_mean,van_rossum_mean_std,van_rossum_mean_ci95_low,van_rossum_mean_ci95_high,exact_ciphertext_recovery_rate,exact_ciphertext_recovery_wilson95_low,exact_ciphertext_recovery_wilson95_high,decryption_success_rate,decryption_success_wilson95_low,decryption_success_wilson95_high,exact_plaintext_recovery_rate,exact_plaintext_recovery_wilson95_low,exact_plaintext_recovery_wilson95_high
AES,none,0.0,24,4,3,2,0.023193359375,0.0012958765677676507,0.022705078125,0.023681640625,0.828125,0.012618325829488254,0.8232421875,0.8330078125,0.0458984375,0.0030747056708953246,0.044718424479166664,0.04707946777343751,88.5965625,0.482642501202925,88.40880208333333,88.78989583333333,6.908242052257019,0.01814658786515747,6.90064787253506,6.914938710728033,0.0,1.3877787807814457e-17,0.13797620467498017,0.0,1.3877787807814457e-17,0.13797620467498017,0.0,1.3877787807814457e-17,0.13797620467498017
AES,poisson_excitatory,5.0,24,4,3,2,0.020711263020833332,0.0027011023776747937,0.019612630208333332,0.021769205729166668,0.8440755208333334,0.018355098465074778,0.8365885416666666,0.8515625,0.039876302083333336,0.0034396351652754217,0.038533528645833336,0.041259765625,88.55098958333333,0.4646288007013169,88.36239518229168,88.72886718750001,6.9192408159787755,0.019631307854972968,6.911656957807438,6.926814901089489,0.0,1.3877787807814457e-17,0.13797620467498017,0.0,1.3877787807814457e-17,0.13797620467498017,0.0,1.3877787807814457e-17,0.13797620467498017
AES,poisson_excitatory,10.0,24,4,3,2,0.018513997395833332,0.003289438039439597,0.0172119140625,0.019775390625,0.8597005208333334,0.022977733042002797,0.8509033203125,0.8688151041666666,0.036661783854166664,0.004092648166812814,0.0350341796875,0.038167317708333336,88.82380208333336,0.4652709266791502,88.63775260416669,88.99882812500003,6.950070207930967,0.022741942345342915,6.941249813334799,6.9590493973446,0.0,1.3877787807814457e-17,0.13797620467498017,0.0,1.3877787807814457e-17,0.13797620467498017,0.0,1.3877787807814457e-17,0.13797620467498017
AES,poisson_excitatory,25.0,24,4,3,2,0.024007161458333332,0.0044231374445333,0.022257486979166668,0.0257568359375,0.8219401041666666,0.03432394666897048,0.80859375,0.8349609375,0.045450846354166664,0.005231116400915295,0.04345703125,0.047444661458333336,91.33351562499998,0.44388802249165177,91.16384505208333,91.50984440104166,7.144419033434488,0.026547241887442473,7.134182159219985,7.155445360206821,0.0,1.3877787807814457e-17,0.13797620467498017,0.0,1.3877787807814457e-17,0.13797620467498017,0.0,1.3877787807814457e-17,0.13797620467498017
AES,poisson_excitatory,50.0,24,4,3,2,0.057373046875,0.005710649281038227,0.055216471354166664,0.059651692708333336,0.6259765625,0.03780675177517109,0.6110026041666666,0.6402994791666666,0.1005859375,0.008405642605743426,0.0972900390625,0.10380045572916667,100.07190104166664,0.7493022904849757,99.78679557291665,100.3684427083333,7.720059994727944,0.043194595754988074,7.703810039679675,7.73648122926848,0.0,1.3877787807814457e-17,0.13797620467498017,0.0,1.3877787807814457e-17,0.13797620467498017,0.0,1.3877787807814457e-17,0.13797620467498017
AES,poisson_excitatory,100.0,24,4,3,2,0.14774576822916666,0.014704882099121902,0.1417236328125,0.15340270996093752,0.287109375,0.04230747333028045,0.2698567708333333,0.3033854166666667,0.2587890625,0.017930773461595186,0.251708984375,0.2658284505208333,124.56374999999996,1.1950443841812013,124.1015950520833,125.0539309895833,9.180002645058993,0.05919678117636688,9.157277012429123,9.203047577821023,0.0,1.3877787807814457e-17,0.13797620467498017,0.041666666666666664,0.0073934561655057685,0.20241806478655938,0.0,1.3877787807814457e-17,0.13797620467498017
AES,poisson_inhibitory,5.0,24,4,3,2,0.022054036458333332,0.002229076356284281,0.02119852701822917,0.0229095458984375,0.8349609375,0.015335722325535367,0.8291015625,0.8408203125,0.043904622395833336,0.0029435131014180697,0.042765299479166664,0.045084635416666664,89.32757812500002,0.42933899651677315,89.15484309895834,89.49891471354167,6.9325301892045275,0.01694676003990701,6.926046457479837,6.939261468127175,0.0,1.3877787807814457e-17,0.13797620467498017,0.0,1.3877787807814457e-17,0.13797620467498017,0.0,1.3877787807814457e-17,0.13797620467498017
AES,poisson_inhibitory,10.0,24,4,3,2,0.021728515625,0.002765886219931445,0.020711263020833332,0.022786458333333332,0.8362630208333334,0.02027839510762258,0.8284505208333334,0.8440755208333334,0.0438232421875,0.003823778041941344,0.042236328125,0.045247395833333336,90.00559895833335,0.4457784882310157,89.83668098958333,90.1849283854167,6.957430433901602,0.015898355383207243,6.951379988928935,6.963469289793877,0.0,1.3877787807814457e-17,0.13797620467498017,0.0,1.3877787807814457e-17,0.13797620467498017,0.0,1.3877787807814457e-17,0.13797620467498017
AES,poisson_inhibitory,25.0,24,4,3,2,0.023111979166666668,0.0038167683604429124,0.021565755208333332,0.024576822916666668,0.8277994791666666,0.023883790630466972,0.8186848958333334,0.8372395833333334,0.0458984375,0.003765730001467684,0.04443359375,0.047403971354166664,92.11192708333336,0.3754312247354338,91.9668444010417,92.26074414062502,7.042409063401368,0.010828202317610912,7.038149419169475,7.046763767044495,0.0,1.3877787807814457e-17,0.13797620467498017,0.0,1.3877787807814457e-17,0.13797620467498017,0.0,1.3877787807814457e-17,0.13797620467498017
AES,poisson_inhibitory,50.0,24,4,3,2,0.031575520833333336,0.004219232225525951,0.030029296875,0.033243815104166664,0.7747395833333334,0.028465133293308097,0.763671875,0.7848307291666666,0.057413736979166664,0.005837958814130334,0.05517578125,0.059814453125,95.46028645833337,0.4767790261551876,95.28346093750004,95.64857226562503,7.2213064753967515,0.01637886259978132,7.214922500076556,7.227510433798983,0.0,1.3877787807814457e-17,0.13797620467498017,0.0,1.3877787807814457e-17,0.13797620467498017,0.0,1.3877787807814457e-17,0.13797620467498017
AES,poisson_inhibitory,100.0,24,4,3,2,0.11678059895833333,0.0058870262028361394,0.11454264322916667,0.119140625,0.3619791666666667,0.04118980978656764,0.3447265625,0.3772786458333333,0.1693115234375,0.008633475780053667,0.16597493489583334,0.17252705891927084,100.39002604166667,0.6811194400013778,100.13280729166667,100.67894335937501,7.648629009601604,0.0280223733510581,7.638285109340447,7.659594335888604,0.0,1.3877787807814457e-17,0.13797620467498017,0.0,1.3877787807814457e-17,0.13797620467498017,0.0,1.3877787807814457e-17,0.13797620467498017
AES,poisson_mixed,5.0,24,4,3,2,0.021443684895833332,0.0027842519933595974,0.0203857421875,0.022502644856770837,0.8391927083333334,0.019263334567264367,0.8317057291666666,0.8466796875,0.041463216145833336,0.0034554208621485937,0.040120442708333336,0.042765299479166664,88.84770833333334,0.45503216212577385,88.673197265625,89.02284309895833,6.921086097808026,0.018082781127429757,6.913831226932903,6.92815247044855,0.0,1.3877787807814457e-17,0.13797620467498017,0.0,1.3877787807814457e-17,0.13797620467498017,0.0,1.3877787807814457e-17,0.13797620467498017
AES,poisson_mixed,10.0,24,4,3,2,0.0191650390625,0.0030990518433420306,0.0179443359375,0.020345052083333332,0.8561197916666666,0.022326078384742508,0.8473307291666666,0.8645833333333334,0.0384521484375,0.0041712555977576945,0.036783854166666664,0.040079752604166664,89.09023437500001,0.34778183033557586,88.95853776041665,89.23119335937501,6.93404371787863,0.01129530426599507,6.929630662097663,6.938250249742576,0.0,1.3877787807814457e-17,0.13797620467498017,0.0,1.3877787807814457e-17,0.13797620467498017,0.0,1.3877787807814457e-17,0.13797620467498017
AES,poisson_mixed,25.0,24,4,3,2,0.019246419270833332,0.0036707090678729077,0.017822265625,0.020751953125,0.8557942708333334,0.02626503502632977,0.8447265625,0.865234375,0.0369873046875,0.0040858883427840435,0.035400390625,0.0386962890625,90.12197916666669,0.4661450687185176,89.94757486979168,90.3132916666667,6.994084008826921,0.02177578075656351,6.985927418546538,7.002862854413303,0.0,1.3877787807814457e-17,0.13797620467498017,0.0,1.3877787807814457e-17,0.13797620467498017,0.0,1.3877787807814457e-17,0.13797620467498017
AES,poisson_mixed,50.0,24,4,3,2,0.020711263020833332,0.0033580511793536868,0.019449869791666668,0.022054036458333332,0.84375,0.024705294220065465,0.833984375,0.8528645833333334,0.041097005208333336,0.005222687774116809,0.039143880208333336,0.0430908203125,91.94588541666668,0.5319602322970055,91.7423671875,92.16397851562502,7.104138788640754,0.027880741088272633,7.092884408625143,7.115108016873791,0.0,1.3877787807814457e-17,0.13797620467498017,0.0,1.3877787807814457e-17,0.13797620467498017,0.0,1.3877787807814457e-17,0.13797620467498017
AES,poisson_mixed,100.0,24,4,3,2,0.028971354166666668,0.0033293747547189097,0.0277099609375,0.0302734375,0.7916666666666666,0.02572268408330039,0.7819010416666666,0.8014322916666666,0.054890950520833336,0.005999092577073182,0.052734375,0.057291666666666664,95.36687500000001,0.712600846219401,95.09475065104166,95.63984830729166,7.310548698566418,0.03484611160555377,7.29711331253452,7.324433776495092,0.0,1.3877787807814457e-17,0.13797620467498017,0.0,1.3877787807814457e-17,0.13797620467498017,0.0,1.3877787807814457e-17,0.13797620467498017
ChaCha20,none,0.0,24,4,3,2,0.02751068376068376,0.0035678280698138547,0.026130698005698005,0.028935185185185185,0.8055555555555557,0.02717450856430417,0.7952279202279203,0.8162393162393163,0.045138888888888895,0.003396813570538023,0.04371438746438746,0.046385327635327635,80.36421875,0.35642883812063975,80.22611979166668,80.50348958333335,6.566933355830102,0.01858070172740763,6.560383519119003,6.574320499546247,0.0,1.3877787807814457e-17,0.13797620467498017,1.0,0.8620237953250198,1.0,0.0,1.3877787807814457e-17,0.13797620467498017
ChaCha20,poisson_excitatory,5.0,24,4,3,2,0.022881054131054134,0.003492855492298581,0.021501068376068373,0.024261039886039882,0.8344017094017094,0.024018065999790263,0.8244301994301995,0.844017094017094,0.04064280626780627,0.0038902766453826738,0.03908475783475784,0.04215633903133903,80.3860416666667,0.4001366812447119,80.2237643229167,80.53451171875003,6.582210732780425,0.01884025205122376,6.574821641228002,6.5894214913175855,0.0,1.3877787807814457e-17,0.13797620467498017,1.0,0.8620237953250198,1.0,0.0,1.3877787807814457e-17,0.13797620467498017
ChaCha20,poisson_excitatory,10.0,24,4,3,2,0.01954237891737892,0.004966154447829122,0.0176727207977208,0.021456552706552705,0.8547008547008547,0.035014172950031154,0.8408119658119658,0.8682336182336181,0.03814992877492878,0.005872724350543466,0.03587962962962963,0.040464743589743585,80.7089322916667,0.45711195675053395,80.52770638020837,80.8814986979167,6.616249152318169,0.02398532857608109,6.60677053705712,6.625758740279115,0.0,1.3877787807814457e-17,0.13797620467498017,1.0,0.8620237953250198,1.0,0.0,1.3877787807814457e-17,0.13797620467498017
ChaCha20,poisson_excitatory,25.0,24,4,3,2,0.023192663817663817,0.005622322393738069,0.020922364672364673,0.025284900284900286,0.8319088319088319,0.04022085236753993,0.816951566951567,0.8482905982905983,0.04674145299145299,0.008336846204290734,0.04344729344729345,0.049857549857549845,83.41520833333334,0.5524077936370997,83.1871334635417,83.61711458333333,6.824454416799999,0.034357312265808154,6.811022881208435,6.837705964762444,0.0,1.3877787807814457e-17,0.13797620467498017,1.0,0.8620237953250198,1.0,0.0,1.3877787807814457e-17,0.13797620467498017
ChaCha20,poisson_excitatory,50.0,24,4,3,2,0.05511039886039887,0.008406008237201697,0.05194867343304844,0.0584045584045584,0.6367521367521367,0.05128205128205127,0.616087962962963,0.6563390313390314,0.0977118945868946,0.01006168882103445,0.09392806267806268,0.10171830484330484,91.28479166666666,0.7184566430319008,91.01376432291667,91.57051106770835,7.367569226815707,0.04903885067736581,7.3492442385769445,7.387223057037272,0.0,1.3877787807814457e-17,0.13797620467498017,1.0,0.8620237953250198,1.0,0.0,1.3877787807814457e-17,0.13797620467498017
ChaCha20,poisson_excitatory,100.0,24,4,3,2,0.150462962962963,0.009585230116007763,0.14659009971509973,0.15420227920227922,0.2720797720797721,0.0421488346087152,0.254985754985755,0.2884615384615385,0.2568999287749288,0.016581105494424056,0.250133547008547,0.2631332353988604,113.4311458333333,0.9181583548020269,113.04815690104164,113.77553710937498,8.742854275819765,0.05011459346739382,8.72340642188226,8.762266351152606,0.0,1.3877787807814457e-17,0.13797620467498017,1.0,0.8620237953250198,1.0,0.0,1.3877787807814457e-17,0.13797620467498017
ChaCha20,poisson_inhibitory,5.0,24,4,3,2,0.02488425925925926,0.003825961262845331,0.023370726495726496,0.02639779202279202,0.8222934472934473,0.02690778548797536,0.8116096866096867,0.8326210826210826,0.04540598290598291,0.0036058767549378206,0.04398148148148148,0.04683048433048433,81.12721354166668,0.48692618749056227,80.94244596354167,81.31867252604168,6.596392382246859,0.022954086833057642,6.587426321600221,6.605222814331607,0.0,1.3877787807814457e-17,0.13797620467498017,1.0,0.8620237953250198,1.0,0.0,1.3877787807814457e-17,0.13797620467498017
ChaCha20,poisson_inhibitory,10.0,24,4,3,2,0.023904914529914528,0.0031317073726711076,0.022702991452991456,0.02515135327635328,0.8254985754985755,0.023899307514639718,0.8165865384615385,0.8347667378917378,0.04540598290598291,0.004921190129375335,0.04349180911680912,0.04740918803418803,81.78703125,0.5127981386922035,81.57798177083335,81.98416861979167,6.621689340303199,0.024683462784164327,6.6121374397514305,6.6315463485690325,0.0,1.3877787807814457e-17,0.13797620467498017,1.0,0.8620237953250198,1.0,0.0,1.3877787807814457e-17,0.13797620467498017
ChaCha20,poisson_inhibitory,25.0,24,4,3,2,0.02506232193732194,0.003832441371250801,0.023548789173789175,0.0265758547008547,0.816951566951567,0.02506686110010213,0.806980056980057,0.826923076923077,0.04803240740740741,0.003639837326709247,0.04651887464387464,0.049412393162393174,83.84763020833337,0.5056629036407809,83.64772460937503,84.03385872395836,6.711573088004798,0.02254925659882321,6.702741315552926,6.7204541402284255,0.0,1.3877787807814457e-17,0.13797620467498017,1.0,0.8620237953250198,1.0,0.0,1.3877787807814457e-17,0.13797620467498017
ChaCha20,poisson_inhibitory,50.0,24,4,3,2,0.03147257834757835,0.004307961774209003,0.029870014245014245,0.033164173789173794,0.7777777777777777,0.03066168910403013,0.7656695156695156,0.7898860398860398,0.057380698005698005,0.007076147044254705,0.054620726495726496,0.060140669515669515,87.09518229166672,0.65815049547953,86.84060677083338,87.34484375000004,6.890687417889052,0.033189452656925515,6.877679732658957,6.903089985127815,0.0,1.3877787807814457e-17,0.13797620467498017,1.0,0.8620237953250198,1.0,0.0,1.3877787807814457e-17,0.13797620467498017
ChaCha20,poisson_inhibitory,100.0,24,4,3,2,0.11618589743589743,0.011054735421128089,0.11160078347578349,0.12050503027065526,0.370014245014245,0.06145164851171627,0.34579772079772075,0.3942307692307692,0.17191951566951566,0.012966454835194078,0.1669326477920228,0.17690527065527065,91.46880208333334,0.7491775589487614,91.15093815104167,91.74660286458334,7.292090584351027,0.039576214959089175,7.276586905252894,7.307139083817327,0.0,1.3877787807814457e-17,0.13797620467498017,1.0,0.8620237953250198,1.0,0.0,1.3877787807814457e-17,0.13797620467498017
ChaCha20,poisson_mixed,5.0,24,4,3,2,0.02381588319088319,0.002963437299750824,0.022613960113960118,0.024973290598290593,0.8272792022792023,0.02364041739093152,0.8183760683760685,0.8365384615384616,0.043091168091168086,0.00416370783025593,0.041444088319088315,0.04469373219373219,80.67645833333334,0.4583971464140927,80.50033203125001,80.85843098958335,6.583979349768058,0.022757075922183043,6.575319803249514,6.593040682501446,0.0,1.3877787807814457e-17,0.13797620467498017,1.0,0.8620237953250198,1.0,0.0,1.3877787807814457e-17,0.13797620467498017
ChaCha20,poisson_mixed,10.0,24,4,3,2,0.021233974358974363,0.004579708386613848,0.019497863247863248,0.022970085470085472,0.842948717948718,0.032454419968232916,0.8304843304843305,0.8557692307692307,0.04193376068376068,0.0048321459934517474,0.04010861823361824,0.04393696581196582,81.09348958333335,0.6129726968313469,80.8572916666667,81.32920117187503,6.609557576486381,0.03031293219068971,6.597635602492875,6.621610718664428,0.0,1.3877787807814457e-17,0.13797620467498017,1.0,0.8620237953250198,1.0,0.0,1.3877787807814457e-17,0.13797620467498017
ChaCha20,poisson_mixed,25.0,24,4,3,2,0.01936431623931624,0.003123773965696124,0.018162393162393164,0.020610754985754987,0.8589743589743589,0.021972122629646207,0.8504273504273504,0.8678774928774927,0.038995726495726496,0.0036875295962447677,0.0375267094017094,0.04042022792022792,81.99296875000003,0.36754326543973564,81.84920507812504,82.13227864583335,6.664251367156328,0.01807355536679259,6.657192957623178,6.671177855275231,0.0,1.3877787807814457e-17,0.13797620467498017,1.0,0.8620237953250198,1.0,0.0,1.3877787807814457e-17,0.13797620467498017
ChaCha20,poisson_mixed,50.0,24,4,3,2,0.019720441595441594,0.004083221526606416,0.01820690883190883,0.0213230056980057,0.8529202279202278,0.029064109535300604,0.8411680911680911,0.8643251424501425,0.041978276353276354,0.005914825786976571,0.039663461538461536,0.0442485754985755,83.40166666666671,0.5597538238342722,83.18438541666671,83.61844921875003,6.753176062623545,0.030769696222798935,6.740671411301333,6.764678064774026,0.0,1.3877787807814457e-17,0.13797620467498017,1.0,0.8620237953250198,1.0,0.0,1.3877787807814457e-17,0.13797620467498017
ChaCha20,poisson_mixed,100.0,24,4,3,2,0.02853454415954416,0.005939943414374677,0.026219729344729343,0.030849358974358976,0.7948717948717948,0.03912674675054587,0.7795584045584046,0.8101851851851851,0.05582264957264957,0.0089622403179899,0.052573005698005694,0.05960648148148148,86.77260416666668,0.5226740552441486,86.57367447916668,86.98009765625002,6.963275887789784,0.03041604415447472,6.951620950270604,6.9753936241981584,0.0,1.3877787807814457e-17,0.13797620467498017,1.0,0.8620237953250198,1.0,0.0,1.3877787807814457e-17,0.13797620467498017
DES,none,0.0,24,4,3,2,0.01171875,0.0030447113508746486,0.010545789930555558,0.012890625000000001,0.9104166666666668,0.025802342327107,0.9,0.920486111111111,0.028385416666666663,0.005445245815640799,0.02621527777777778,0.03046875,81.91109375000002,0.3684463677160229,81.76950260416669,82.05419140625001,6.619808531549133,0.017366807031852113,6.613382325149572,6.626760700918613,0.0,1.3877787807814457e-17,0.13797620467498017,0.25,0.11999366228595004,0.44899444005154004,0.0,1.3877787807814457e-17,0.13797620467498017
DES,poisson_excitatory,5.0,24,4,3,2,0.013020833333333334,0.003447983027296065,0.01171875,0.01441080729166667,0.8993055555555557,0.027792870296021333,0.8881944444444446,0.9100694444444445,0.02717013888888889,0.006057705057163259,0.024782986111111113,0.029600694444444447,81.92010416666669,0.457120323368163,81.74746614583337,82.10423763020835,6.633209209439962,0.023673217250072393,6.623975701644684,6.6426451636538655,0.0,1.3877787807814457e-17,0.13797620467498017,0.2916666666666667,0.14914648196960875,0.49167693664496637,0.0,1.3877787807814457e-17,0.13797620467498017
DES,poisson_excitatory,10.0,24,4,3,2,0.014930555555555556,0.003844750378768465,0.013541666666666667,0.01644965277777778,0.8857638888888889,0.030739591799920914,0.8736024305555555,0.8975694444444443,0.028602430555555558,0.005908380848098363,0.026258680555555552,0.03098958333333333,82.24044270833333,0.5129402430171244,82.04035937500002,82.44789388020833,6.666873561600018,0.026493204666127604,6.656510386659884,6.677266047459146,0.0,1.3877787807814457e-17,0.13797620467498017,0.20833333333333334,0.09244825352851857,0.40470453253188665,0.0,1.3877787807814457e-17,0.13797620467498017
DES,poisson_excitatory,25.0,24,4,3,2,0.025347222222222226,0.005873845691240864,0.02309027777777778,0.02769097222222222,0.8125,0.04347524144104881,0.7951388888888888,0.8295138888888888,0.045138888888888895,0.008274627152256268,0.042099609375,0.048611111111111105,85.2184114583333,0.6082133152047329,84.98296484374997,85.45898632812496,6.888141526931659,0.036781225604684394,6.872652910574655,6.902546648506444,0.0,1.3877787807814457e-17,0.13797620467498017,0.041666666666666664,0.0073934561655057685,0.20241806478655938,0.0,1.3877787807814457e-17,0.13797620467498017
DES,poisson_excitatory,50.0,24,4,3,2,0.05633680555555556,0.006181055928830455,0.05394965277777778,0.05881076388888889,0.6270833333333333,0.04186546776645818,0.6111111111111112,0.6437499999999999,0.09982638888888888,0.0066781679172568656,0.09713541666666665,0.10238715277777777,93.7501302083333,0.7014237263292071,93.47402864583329,94.01790820312499,7.466952854365384,0.04747950134580292,7.4477509825158625,7.485371601599182,0.0,1.3877787807814457e-17,0.13797620467498017,0.0,1.3877787807814457e-17,0.13797620467498017,0.0,1.3877787807814457e-17,0.13797620467498017
DES,poisson_excitatory,100.0,24,4,3,2,0.1482638888888889,0.006079084115851714,0.14592013888888888,0.15069444444444444,0.27777777777777773,0.036668862472679156,0.26319444444444445,0.29131944444444446,0.2576822916666666,0.010828857858292195,0.25347113715277775,0.26197916666666665,116.51687499999996,0.8960942954918427,116.17962044270828,116.87429817708329,8.859698997481232,0.04996214190600874,8.84032663521504,8.879692524997619,0.0,1.3877787807814457e-17,0.13797620467498017,0.0,1.3877787807814457e-17,0.13797620467498017,0.0,1.3877787807814457e-17,0.13797620467498017
DES,poisson_inhibitory,5.0,24,4,3,2,0.014583333333333332,0.0038242448972073454,0.01310763888888889,0.016102430555555557,0.889236111111111,0.030144495682757635,0.876736111111111,0.9006944444444445,0.032552083333333336,0.005748690383312394,0.030337456597222222,0.03485243055555556,82.83265625,0.4625469368809129,82.65599609375,83.01981770833332,6.656084957588206,0.022956913753693273,6.6476709904550635,6.664958987585211,0.0,1.3877787807814457e-17,0.13797620467498017,0.20833333333333334,0.09244825352851857,0.40470453253188665,0.0,1.3877787807814457e-17,0.13797620467498017
DES,poisson_inhibitory,10.0,24,4,3,2,0.01579861111111111,0.0036301638770938655,0.014366319444444444,0.017274305555555553,0.88125,0.026947121237623294,0.8704861111111111,0.8913194444444444,0.03355034722222222,0.005900390697355661,0.031206597222222226,0.03585069444444444,83.52554687499999,0.4946535936737591,83.33064192708333,83.71383463541666,6.681550137922403,0.023816996642178293,6.672450800254234,6.691276766692261,0.0,1.3877787807814457e-17,0.13797620467498017,0.125,0.04344334080123444,0.31003881270500067,0.0,1.3877787807814457e-17,0.13797620467498017
DES,poisson_inhibitory,25.0,24,4,3,2,0.01875,0.004483009389729828,0.01705729166666667,0.02065972222222222,0.8590277777777778,0.03829997498348934,0.8434027777777778,0.8732725694444445,0.036284722222222225,0.005809236807587935,0.03407118055555556,0.038585069444444446,85.63583333333334,0.5593713616187947,85.42383789062501,85.86055143229167,6.772923031039571,0.027549378812054118,6.762774473310645,6.78383969959523,0.0,1.3877787807814457e-17,0.13797620467498017,0.16666666666666666,0.06678676328632951,0.3585307064969906,0.0,1.3877787807814457e-17,0.13797620467498017
DES,poisson_inhibitory,50.0,24,4,3,2,0.02634548611111111,0.006683905239167856,0.023741319444444447,0.028993055555555553,0.8076388888888889,0.04713511431629615,0.7888888888888888,0.8246527777777778,0.04791666666666666,0.009347281890686798,0.04435655381944444,0.051779513888888885,88.92049479166667,0.692222146894349,88.66122265625,89.20601627604168,6.951367563212796,0.0375411577436548,6.936973080188208,6.9664027469405765,0.0,1.3877787807814457e-17,0.13797620467498017,0.125,0.04344334080123444,0.31003881270500067,0.0,1.3877787807814457e-17,0.13797620467498017
DES,poisson_inhibitory,100.0,24,4,3,2,0.11228298611111111,0.009601133273728435,0.10855034722222223,0.11597222222222221,0.3899305555555555,0.04777533768064014,0.3711805555555556,0.4083333333333334,0.16892361111111112,0.012434409234510184,0.1640625,0.1737424045138889,93.67229166666668,0.5625290954632963,93.45259895833333,93.88365169270831,7.376832048488716,0.03141653173327185,7.363347098111372,7.388325529109753,0.0,1.3877787807814457e-17,0.13797620467498017,0.041666666666666664,0.0073934561655057685,0.20241806478655938,0.0,1.3877787807814457e-17,0.13797620467498017
DES,poisson_mixed,5.0,24,4,3,2,0.012630208333333332,0.00382809804165801,0.011111111111111112,0.014149305555555556,0.9034722222222222,0.030585733889385996,0.8913194444444444,0.9149305555555555,0.02847222222222222,0.006600002592348098,0.025868055555555557,0.031034071180555563,82.27768229166668,0.46254316334888673,82.10504231770835,82.46247526041665,6.6390918386462205,0.02341641825429504,6.630229017404645,6.648566264575759,0.0,1.3877787807814457e-17,0.13797620467498017,0.3333333333333333,0.1797219032729775,0.5329368316186824,0.0,1.3877787807814457e-17,0.13797620467498017
DES,poisson_mixed,10.0,24,4,3,2,0.014843749999999998,0.00411253331337549,0.01328125,0.016493055555555556,0.8840277777777779,0.031365527196211704,0.8715277777777777,0.8954861111111111,0.030555555555555558,0.0060945854179812135,0.02816840277777778,0.03289930555555556,82.68380208333333,0.5532294919928575,82.47864518229169,82.90547200520832,6.6618874356520275,0.029427305828284823,6.650763230899524,6.673809338830957,0.0,1.3877787807814457e-17,0.13797620467498017,0.125,0.04344334080123444,0.31003881270500067,0.0,1.3877787807814457e-17,0.13797620467498017
DES,poisson_mixed,25.0,24,4,3,2,0.016276041666666668,0.004554136459517678,0.014496527777777777,0.018055555555555557,0.8763888888888888,0.03489690359956537,0.8624999999999999,0.8895833333333334,0.03177083333333333,0.006687580420754428,0.029166666666666664,0.034331597222222225,83.68776041666666,0.5439280979155054,83.48035611979167,83.91203190104166,6.721310531515733,0.029394196856197513,6.7102493891461465,6.733401215246897,0.0,1.3877787807814457e-17,0.13797620467498017,0.08333333333333333,0.023158815297043306,0.25848802193210685,0.0,1.3877787807814457e-17,0.13797620467498017
DES,poisson_mixed,50.0,24,4,3,2,0.02065972222222222,0.0044158576416994276,0.018967013888888887,0.022395833333333337,0.8451388888888888,0.03350649467170782,0.8322916666666668,0.8583333333333333,0.03680555555555556,0.00479488182408329,0.03498263888888889,0.03871527777777778,85.53966145833333,0.5138293661312682,85.35013020833333,85.74875130208332,6.832850203479713,0.027336891762988397,6.822295335953423,6.843633961645344,0.0,1.3877787807814457e-17,0.13797620467498017,0.16666666666666666,0.06678676328632951,0.3585307064969906,0.0,1.3877787807814457e-17,0.13797620467498017
DES,poisson_mixed,100.0,24,4,3,2,0.03090277777777778,0.007515751039490374,0.02795138888888889,0.03381184895833334,0.7802083333333333,0.052808359433776736,0.7586805555555555,0.7996527777777778,0.05481770833333333,0.010793948841699326,0.05069444444444445,0.059157986111111116,88.97466145833334,0.7626748503008777,88.682654296875,89.28086328124999,7.048539541289661,0.043781875765990436,7.031199760807933,7.065738172340853,0.0,1.3877787807814457e-17,0.13797620467498017,0.041666666666666664,0.0073934561655057685,0.20241806478655938,0.0,1.3877787807814457e-17,0.13797620467498017
ECIES,none,0.0,24,4,3,2,0.0,0.0,0.0,0.0,1.0,0.0,1.0,1.0,0.0,0.0,0.0,0.0,137.3006250000001,0.2557378232470146,137.2013190104168,137.40320312500012,8.630973053642434,0.019882178057097893,8.622830727327006,8.638291780944929,1.0,0.8620237953250198,1.0,1.0,0.8620237953250198,1.0,1.0,0.8620237953250198,1.0
ECIES,poisson_excitatory,5.0,24,4,3,2,0.0019202441077441077,0.001027773573960629,0.0015256734006734007,0.002314814814814815,0.9850589225589226,0.007517587632850939,0.9821127946127947,0.9880050505050505,0.003340698653198653,0.001241578614684205,0.0028672138047138047,0.0038404882154882154,136.88833333333343,0.23357749582947798,136.79908463541676,136.97969140625008,8.634254890021134,0.016965783791719938,8.62745332475974,8.640685921191386,0.041666666666666664,0.0073934561655057685,0.20241806478655938,0.041666666666666664,0.0073934561655057685,0.20241806478655938,0.041666666666666664,0.0073934561655057685,0.20241806478655938
ECIES,poisson_excitatory,10.0,24,4,3,2,0.00428766835016835,0.001612004341805814,0.0036563552188552187,0.004918981481481482,0.966540404040404,0.011897035822766243,0.9617003367003368,0.970959595959596,0.007917718855218855,0.002518237722521453,0.006970749158249159,0.00891729797979798,137.4595572916667,0.41942055652122506,137.3055416666667,137.62532161458336,8.681845878911702,0.023766134181692156,8.672186709194559,8.691320417941753,0.0,1.3877787807814457e-17,0.13797620467498017,0.0,1.3877787807814457e-17,0.13797620467498017,0.0,1.3877787807814457e-17,0.13797620467498017
ECIES,poisson_excitatory,25.0,24,4,3,2,0.018623737373737376,0.0031538196224168533,0.017387415824915823,0.01991266835016835,0.8619528619528619,0.021820675752215017,0.8529040404040403,0.8703703703703703,0.03390677609427609,0.004909507921576836,0.032039141414141416,0.03587962962962963,142.64700520833327,0.5906567014487011,142.4048912760416,142.86471679687494,8.982417019453232,0.029234703215510954,8.970704141357627,8.993927436803673,0.0,1.3877787807814457e-17,0.13797620467498017,0.0,1.3877787807814457e-17,0.13797620467498017,0.0,1.3877787807814457e-17,0.13797620467498017
ECIES,poisson_excitatory,50.0,24,4,3,2,0.05308291245791246,0.004116359756262728,0.051478324915824915,0.054661195286195285,0.647516835016835,0.028954750109478875,0.6363636363636364,0.6590909090909091,0.09711700336700337,0.005530880377406447,0.09485479797979797,0.09924768518518517,156.30609374999992,0.8878626832801196,155.95757747395828,156.64470833333326,9.697146769724954,0.04269123593072949,9.680233057198036,9.714311663018702,0.0,1.3877787807814457e-17,0.13797620467498017,0.0,1.3877787807814457e-17,0.13797620467498017,0.0,1.3877787807814457e-17,0.13797620467498017
ECIES,poisson_excitatory,100.0,24,4,3,2,0.1473063973063973,0.008194744862841219,0.14417613636363635,0.15048926767676768,0.28345959595959597,0.030241208347505627,0.2723063973063973,0.29524410774410775,0.2490267255892256,0.010858297274220446,0.2447127525252525,0.253130260942761,192.423125,1.0295623377615462,192.02671289062496,192.82497591145835,11.430642761788972,0.04656445922043368,11.41242634453455,11.448245093619247,0.0,1.3877787807814457e-17,0.13797620467498017,0.0,1.3877787807814457e-17,0.13797620467498017,0.0,1.3877787807814457e-17,0.13797620467498017
ECIES,poisson_inhibitory,5.0,24,4,3,2,0.002025462962962963,0.0011166612680136732,0.0016045875420875424,0.002472643097643098,0.9837962962962962,0.008933290144109391,0.9802188552188552,0.9871632996632996,0.0032091750841750847,0.00108418272764586,0.002788299663299664,0.0036300505050505054,138.4170833333334,0.20470930365674625,138.3358216145834,138.4983906250001,8.664881259287379,0.01573794749969057,8.658322363551699,8.670857400679624,0.0,1.3877787807814457e-17,0.13797620467498017,0.0,1.3877787807814457e-17,0.13797620467498017,0.0,1.3877787807814457e-17,0.13797620467498017
ECIES,poisson_inhibitory,10.0,24,4,3,2,0.0030513468013468013,0.0013637922345134386,0.002551557239057239,0.003577441077441077,0.9755892255892255,0.0109103378761075,0.9713804713804715,0.9797979797979798,0.005445075757575757,0.0016421793510415393,0.004813762626262627,0.006076388888888889,139.4675520833334,0.1797696212784978,139.3933847656251,139.53763281250008,8.696417480921477,0.014380862837359025,8.69064273247845,8.701767093505776,0.0,1.3877787807814457e-17,0.13797620467498017,0.0,1.3877787807814457e-17,0.13797620467498017,0.0,1.3877787807814457e-17,0.13797620467498017
ECIES,poisson_inhibitory,25.0,24,4,3,2,0.006023779461279462,0.0017951003322532332,0.0053655039983165,0.006734006734006734,0.952020202020202,0.014439422242225388,0.9465488215488215,0.9577020202020202,0.011968644781144783,0.003399619067050821,0.010732323232323232,0.013310185185185184,142.55179687500004,0.27085226252483985,142.44592903645838,142.6566712239584,8.796597360927372,0.018754083345736007,8.78910009243582,8.80383424565413,0.0,1.3877787807814457e-17,0.13797620467498017,0.0,1.3877787807814457e-17,0.13797620467498017,0.0,1.3877787807814457e-17,0.13797620467498017
ECIES,poisson_inhibitory,50.0,24,4,3,2,0.01833438552188552,0.0028688554120350576,0.017229587542087543,0.019518097643097643,0.8625841750841751,0.02243772847302448,0.8539562289562289,0.8712121212121211,0.03374894781144781,0.003922628671889004,0.03222327441077441,0.03535353535353535,147.96320312500004,0.3559344670777976,147.8256217447917,148.10665169270837,9.022968820250599,0.015201796970096373,9.016964816222941,9.028827423273967,0.0,1.3877787807814457e-17,0.13797620467498017,0.0,1.3877787807814457e-17,0.13797620467498017,0.0,1.3877787807814457e-17,0.13797620467498017
ECIES,poisson_inhibitory,100.0,24,4,3,2,0.11868686868686869,0.006213531408718342,0.11618792087542089,0.12102798821548821,0.35963804713804715,0.03296664086167034,0.3465909090909091,0.372053872053872,0.1756365740740741,0.009053355249978605,0.17200586595117845,0.17916206334175086,157.23890624999993,0.6345657977691391,156.99803385416664,157.4922070312499,9.608776160706109,0.026985053302305155,9.598375631384934,9.619633391275864,0.0,1.3877787807814457e-17,0.13797620467498017,0.0,1.3877787807814457e-17,0.13797620467498017,0.0,1.3877787807814457e-17,0.13797620467498017
ECIES,poisson_mixed,5.0,24,4,3,2,0.00165719696969697,0.0009639723062576734,0.0012889309764309766,0.0020517676767676765,0.9869528619528619,0.007726744073394709,0.984006734006734,0.98989898989899,0.0026041666666666665,0.0012392502889321509,0.0021306818181818185,0.0031039562289562287,137.5467968750001,0.22839024279971593,137.45744401041676,137.6354960937501,8.643741167807216,0.01756070677667101,8.6365613707285,8.650374692783526,0.041666666666666664,0.0073934561655057685,0.20241806478655938,0.041666666666666664,0.0073934561655057685,0.20241806478655938,0.041666666666666664,0.0073934561655057685,0.20241806478655938
ECIES,poisson_mixed,10.0,24,4,3,2,0.002735690235690236,0.0012987085601616896,0.0022359006734006736,0.003261784511784512,0.9783249158249158,0.010369634822304368,0.9741161616161614,0.9821127946127947,0.004603324915824916,0.0012415786146842054,0.004129840067340068,0.005103114478114478,137.91132812500007,0.28667256358541804,137.79783854166678,138.02356835937505,8.661524536096534,0.019232617931346882,8.654223261078506,8.668997230015684,0.0,1.3877787807814457e-17,0.13797620467498017,0.0,1.3877787807814457e-17,0.13797620467498017,0.0,1.3877787807814457e-17,0.13797620467498017
ECIES,poisson_mixed,25.0,24,4,3,2,0.006839225589225589,0.0020702473148070705,0.006050084175084176,0.007654671717171717,0.9467592592592592,0.01511334429641722,0.9406565656565657,0.9524410774410775,0.0118108164983165,0.0032054794219288584,0.010600799663299664,0.013073442760942763,139.6545572916667,0.4945645276226127,139.4600690104167,139.84380273437503,8.745881539975345,0.026233939816775128,8.735543928723999,8.756290552679687,0.0,1.3877787807814457e-17,0.13797620467498017,0.0,1.3877787807814457e-17,0.13797620467498017,0.0,1.3877787807814457e-17,0.13797620467498017
ECIES,poisson_mixed,50.0,24,4,3,2,0.014783249158249157,0.002948904154447966,0.013704755892255893,0.01596696127946128,0.8869949494949495,0.022966944915938016,0.8775199915824916,0.8956228956228957,0.025357744107744107,0.004539757974991809,0.023621632996633,0.02717276936026936,142.75265625,0.5242910343071837,142.55280859375003,142.97050130208333,8.895056941459357,0.026613301080735067,8.884756051207356,8.905683890287415,0.0,1.3877787807814457e-17,0.13797620467498017,0.0,1.3877787807814457e-17,0.13797620467498017,0.0,1.3877787807814457e-17,0.13797620467498017
ECIES,poisson_mixed,100.0,24,4,3,2,0.02696233164983165,0.0029580715642473178,0.025883180765993264,0.02814604377104377,0.8047138047138048,0.022073335762927776,0.795875420875421,0.8133417508417509,0.049978956228956234,0.004671445152656198,0.04816393097643098,0.05179398148148148,148.72546875,0.7290108613302579,148.44806835937501,149.0083919270833,9.17565986436715,0.03919606283164612,9.159779648946527,9.190358162369208,0.0,1.3877787807814457e-17,0.13797620467498017,0.0,1.3877787807814457e-17,0.13797620467498017,0.0,1.3877787807814457e-17,0.13797620467498017
RSA,none,0.0,24,4,3,2,0.02490234375,0.002417940900968724,0.023946126302083332,0.02581787109375,0.8154296875,0.017478772670176432,0.8089192708333334,0.8221028645833334,0.0504150390625,0.004494240765688202,0.04872589111328125,0.052164713541666664,185.68968750000008,0.5245608605942634,185.47848307291673,185.89979166666672,10.12675011060895,0.023478737926916,10.117674468522038,10.13607116883879,0.0,1.3877787807814457e-17,0.13797620467498017,0.0,1.3877787807814457e-17,0.13797620467498017,0.0,1.3877787807814457e-17,0.13797620467498017
RSA,poisson_excitatory,5.0,24,4,3,2,0.023722330729166668,0.002843197490191881,0.022562662760416668,0.024820963541666668,0.8219401041666666,0.020180008782762538,0.8141276041666666,0.8297526041666666,0.049296061197916664,0.003988911722640519,0.047770182291666664,0.05084228515625,184.67171875000005,0.4216757883117926,184.50972981770838,184.8404524739584,10.110119644437079,0.01756498137713852,10.103257016746523,10.116763638334215,0.0,1.3877787807814457e-17,0.13797620467498017,0.0,1.3877787807814457e-17,0.13797620467498017,0.0,1.3877787807814457e-17,0.13797620467498017
RSA,poisson_excitatory,10.0,24,4,3,2,0.02593994140625,0.0027064538683740005,0.024881998697916668,0.027018229166666668,0.80810546875,0.020871555813932265,0.7999674479166666,0.81640625,0.053365071614583336,0.003886240698555521,0.051778157552083336,0.05485076904296875,185.3251822916667,0.44712500528614485,185.14402408854173,185.48760546875002,10.16202455826353,0.016673133100041447,10.155212189498025,10.168453184858825,0.0,1.3877787807814457e-17,0.13797620467498017,0.0,1.3877787807814457e-17,0.13797620467498017,0.0,1.3877787807814457e-17,0.13797620467498017
RSA,poisson_excitatory,25.0,24,4,3,2,0.036417643229166664,0.002908083367899423,0.035298665364583336,0.037577311197916664,0.74365234375,0.020044628604991024,0.7360026041666666,0.7511393229166666,0.07187906901041667,0.004085201172450827,0.07033284505208333,0.07342529296875,191.21184895833335,0.8293976885589596,190.89128450520835,191.52509830729173,10.47491090982219,0.03616330172722523,10.460264277181022,10.489122724908892,0.0,1.3877787807814457e-17,0.13797620467498017,0.0,1.3877787807814457e-17,0.13797620467498017,0.0,1.3877787807814457e-17,0.13797620467498017
RSA,poisson_excitatory,50.0,24,4,3,2,0.061055501302083336,0.005384546453144397,0.058980305989583336,0.0631103515625,0.6036783854166666,0.03241663964300513,0.59146728515625,0.6162109375,0.1123046875,0.007929710507436103,0.10917154947916667,0.115478515625,206.5184114583333,1.104938702976718,206.08911328124998,206.95620182291665,11.208494595246174,0.04689648143362717,11.18996665637599,11.227173863102054,0.0,1.3877787807814457e-17,0.13797620467498017,0.0,1.3877787807814457e-17,0.13797620467498017,0.0,1.3877787807814457e-17,0.13797620467498017
RSA,poisson_excitatory,100.0,24,4,3,2,0.14988199869791666,0.006527962744255971,0.14737955729166666,0.15250651041666666,0.2724609375,0.024442069533438564,0.2626953125,0.28173828125,0.2500813802083333,0.009169639336590672,0.24637858072916666,0.2534998575846354,250.90705729166666,1.2440469314438045,250.43872330729167,251.41517838541668,13.118718655792668,0.049072452516080535,13.100477103226245,13.138761700584944,0.0,1.3877787807814457e-17,0.13797620467498017,0.0,1.3877787807814457e-17,0.13797620467498017,0.0,1.3877787807814457e-17,0.13797620467498017
RSA,poisson_inhibitory,5.0,24,4,3,2,0.027506510416666668,0.002856836914678694,0.02642822265625,0.028645833333333332,0.7975260416666666,0.01990693928970644,0.7898722330729168,0.80517578125,0.0555419921875,0.004836417663405317,0.053751627604166664,0.057474772135416664,187.0679687500001,0.5999048625320879,186.84174153645844,187.31300000000007,10.163980961686079,0.02259575857244272,10.155494131221392,10.17282570241595,0.0,1.3877787807814457e-17,0.13797620467498017,0.0,1.3877787807814457e-17,0.13797620467498017,0.0,1.3877787807814457e-17,0.13797620467498017
RSA,poisson_inhibitory,10.0,24,4,3,2,0.0286865234375,0.002840765847677167,0.027628580729166668,0.02984619140625,0.7893880208333334,0.0193406689104002,0.78173828125,0.7967163085937501,0.057535807291666664,0.00409707824009262,0.05596872965494792,0.0592041015625,188.35203125000007,0.45785725129992144,188.17460677083338,188.53388606770835,10.199187186433734,0.01687960575351694,10.192515838251314,10.205659515004985,0.0,1.3877787807814457e-17,0.13797620467498017,0.0,1.3877787807814457e-17,0.13797620467498017,0.0,1.3877787807814457e-17,0.13797620467498017
RSA,poisson_inhibitory,25.0,24,4,3,2,0.030069986979166668,0.0026232256951218037,0.029012044270833332,0.0311279296875,0.7810872395833334,0.015897720440822976,0.7747395833333334,0.7872721354166666,0.0604248046875,0.0037746657610459953,0.059041341145833336,0.0618896484375,191.9158854166667,0.4270363983135632,191.74444921875,192.07164192708336,10.303508041534991,0.01635580613955572,10.297111029451958,10.309806066489246,0.0,1.3877787807814457e-17,0.13797620467498017,0.0,1.3877787807814457e-17,0.13797620467498017,0.0,1.3877787807814457e-17,0.13797620467498017
RSA,poisson_inhibitory,50.0,24,4,3,2,0.042399088541666664,0.003908018734525775,0.040995279947916664,0.043965657552083336,0.70703125,0.029140775257509806,0.6954752604166666,0.7179361979166666,0.07975260416666667,0.005642474516058878,0.07755533854166667,0.08192952473958333,198.88966145833328,0.812356884953587,198.58538867187494,199.21967578125,10.569732328745443,0.03015442055544044,10.558271765962104,10.581943062019311,0.0,1.3877787807814457e-17,0.13797620467498017,0.0,1.3877787807814457e-17,0.13797620467498017,0.0,1.3877787807814457e-17,0.13797620467498017
RSA,poisson_inhibitory,100.0,24,4,3,2,0.13222249348958334,0.006018177469580394,0.12982177734375,0.134521484375,0.3294270833333333,0.02635958567618102,0.3190104166666667,0.3396809895833333,0.18343098958333334,0.006448378271472832,0.18100941975911458,0.18601531982421873,208.66953124999986,0.8735885209137594,208.3467473958332,209.03536002604153,11.144563697809096,0.026474015433063058,11.134397569054993,11.154885993347275,0.0,1.3877787807814457e-17,0.13797620467498017,0.0,1.3877787807814457e-17,0.13797620467498017,0.0,1.3877787807814457e-17,0.13797620467498017
RSA,poisson_mixed,5.0,24,4,3,2,0.025390625,0.0020260666254144277,0.024617513020833332,0.026143391927083332,0.8113606770833334,0.015729911325981984,0.80517578125,0.8172200520833334,0.05145263671875,0.003947988678905329,0.049947102864583336,0.053059895833333336,185.72697916666672,0.47876510032188463,185.5318678385417,185.91976692708334,10.13139211972001,0.018919162538733044,10.123893771427515,10.13837386726252,0.0,1.3877787807814457e-17,0.13797620467498017,0.0,1.3877787807814457e-17,0.13797620467498017,0.0,1.3877787807814457e-17,0.13797620467498017
RSA,poisson_mixed,10.0,24,4,3,2,0.0263671875,0.0022947637766426053,0.025492350260416668,0.027303059895833332,0.8043619791666666,0.01795311327351063,0.79736328125,0.8113606770833334,0.052693684895833336,0.003676352698215679,0.05130971272786458,0.054178873697916664,185.9547135416667,0.43361199326747113,185.78448697916667,186.1317389322917,10.141067095176238,0.014334493153503944,10.13522564122857,10.146669728564591,0.0,1.3877787807814457e-17,0.13797620467498017,0.0,1.3877787807814457e-17,0.13797620467498017,0.0,1.3877787807814457e-17,0.13797620467498017
RSA,poisson_mixed,25.0,24,4,3,2,0.029215494791666668,0.003113790115512531,0.028076171875,0.030497233072916668,0.78759765625,0.022300682141035567,0.7783203125,0.7957356770833334,0.059102376302083336,0.004682276298388388,0.057291666666666664,0.060994466145833336,187.8680729166667,0.578308619978213,187.64217838541668,188.10537239583334,10.224912858563608,0.022346606458163158,10.216544367756763,10.234149848521959,0.0,1.3877787807814457e-17,0.13797620467498017,0.0,1.3877787807814457e-17,0.13797620467498017,0.0,1.3877787807814457e-17,0.13797620467498017
RSA,poisson_mixed,50.0,24,4,3,2,0.034769694010416664,0.003662404218958048,0.033345540364583336,0.03619384765625,0.75048828125,0.022698742596532852,0.74169921875,0.7596028645833334,0.06913248697916667,0.004652153576730619,0.06738230387369792,0.07102457682291667,192.04098958333338,0.7805494449604801,191.71395572916663,192.34084700520833,10.402752276383374,0.030017848758973276,10.390262377331311,10.414623260031659,0.0,1.3877787807814457e-17,0.13797620467498017,0.0,1.3877787807814457e-17,0.13797620467498017,0.0,1.3877787807814457e-17,0.13797620467498017
RSA,poisson_mixed,100.0,24,4,3,2,0.046122233072916664,0.004239605611552374,0.044474283854166664,0.04775034586588542,0.681640625,0.02888926131207942,0.67041015625,0.69287109375,0.08782958984375,0.004862202810694565,0.08595784505208333,0.08970133463541667,199.36057291666665,0.7584956085581581,199.06902994791668,199.65500195312498,10.720748614753141,0.030936888538986695,10.7081290739233,10.732610277343452,0.0,1.3877787807814457e-17,0.13797620467498017,0.0,1.3877787807814457e-17,0.13797620467498017,0.0,1.3877787807814457e-17,0.13797620467498017
S-DES,none,0.0,24,4,3,2,0.0020833333333333333,0.0010083208974522855,0.0016865079365079368,0.00248015873015873,0.9833333333333334,0.008066567179618307,0.9801587301587302,0.9865079365079366,0.006547619047619048,0.0025070147077251212,0.00560515873015873,0.007539682539682541,71.57234375,0.2144165688877271,71.48744466145835,71.651640625,6.1423789062941125,0.02503091834948762,6.1321300608624245,6.151872479309893,0.0,1.3877787807814457e-17,0.13797620467498017,1.0,0.8620237953250198,1.0,0.0,1.3877787807814457e-17,0.13797620467498017
S-DES,poisson_excitatory,5.0,24,4,3,2,0.0038194444444444448,0.0015293622411220902,0.0032242063492063495,0.00441468253968254,0.9694444444444444,0.01223489792897672,0.9646825396825397,0.9742063492063493,0.008680555555555554,0.002177632666838075,0.007837301587301587,0.009573412698412699,71.60588541666667,0.31307050731395164,71.48446354166666,71.72219140625,6.152548632433638,0.027597064975028805,6.1411993812702415,6.162863111498236,0.0,1.3877787807814457e-17,0.13797620467498017,1.0,0.8620237953250198,1.0,0.0,1.3877787807814457e-17,0.13797620467498017
S-DES,poisson_excitatory,10.0,24,4,3,2,0.0052579365079365075,0.0016434596468722614,0.004613095238095238,0.005902777777777778,0.9591269841269842,0.012395012455038414,0.9543650793650792,0.9638888888888889,0.012251984126984125,0.002774849338746009,0.011111111111111112,0.013343253968253968,72.17799479166665,0.26806706574662054,72.07502539062499,72.28596874999998,6.1910106540527154,0.028512303857194752,6.1798978731964365,6.202283574861809,0.0,1.3877787807814457e-17,0.13797620467498017,1.0,0.8620237953250198,1.0,0.0,1.3877787807814457e-17,0.13797620467498017
S-DES,poisson_excitatory,25.0,24,4,3,2,0.013740079365079365,0.003274005577917782,0.012549603174603173,0.01498015873015873,0.8956349206349207,0.024560282298082492,0.8861111111111112,0.9051587301587302,0.026041666666666668,0.0044170203214567265,0.02445436507936508,0.02787698412698413,75.4825520833333,0.39135012768763544,75.32692903645831,75.6375110677083,6.4031407025927365,0.03310428699766735,6.390525259935576,6.416511604540171,0.0,1.3877787807814457e-17,0.13797620467498017,1.0,0.8620237953250198,1.0,0.0,1.3877787807814457e-17,0.13797620467498017
S-DES,poisson_excitatory,50.0,24,4,3,2,0.03933531746031746,0.007993508644697738,0.036210317460317464,0.042460317460317455,0.7353174603174603,0.054455740900115505,0.713482142857143,0.7563492063492063,0.07008928571428572,0.010957738472703336,0.06577256944444444,0.07435515873015873,82.86078124999997,0.5915781287411573,82.63004947916663,83.09513151041665,6.911506735687445,0.060042055253035784,6.887117965766547,6.933684705397692,0.0,1.3877787807814457e-17,0.13797620467498017,1.0,0.8620237953250198,1.0,0.0,1.3877787807814457e-17,0.13797620467498017
S-DES,poisson_excitatory,100.0,24,4,3,2,0.09930555555555555,0.01080258454827089,0.0951388888888889,0.10362103174603172,0.4988095238095238,0.044830351614832266,0.48095238095238096,0.5162797619047619,0.1773809523809524,0.01486489817231427,0.1715277777777778,0.18308531746031745,99.77442708333331,0.7210610981211821,99.49338216145831,100.07314583333329,8.071014774175843,0.06605791723553846,8.045381879373206,8.098252003662543,0.0,1.3877787807814457e-17,0.13797620467498017,1.0,0.8620237953250198,1.0,0.0,1.3877787807814457e-17,0.13797620467498017
S-DES,poisson_inhibitory,5.0,24,4,3,2,0.003273809523809524,0.0014580296087995108,0.0027281746031746035,0.003869047619047619,0.9742063492063492,0.01140064450774984,0.9698412698412698,0.9785714285714286,0.009027777777777777,0.002850161126937459,0.007936507936507936,0.010168650793650792,72.02528645833335,0.28442913239954687,71.90741145833334,72.13417447916667,6.161927639742697,0.02625227841772931,6.151261934441464,6.172073847797309,0.0,1.3877787807814457e-17,0.13797620467498017,1.0,0.8620237953250198,1.0,0.0,1.3877787807814457e-17,0.13797620467498017
S-DES,poisson_inhibitory,10.0,24,4,3,2,0.0035714285714285713,0.0011643086831472041,0.0031249999999999997,0.004017857142857143,0.9714285714285715,0.00931446946517762,0.9678571428571429,0.9750000000000001,0.010267857142857143,0.0021299502021294345,0.009474206349206349,0.011111111111111113,72.533828125,0.3573455367367412,72.39718619791668,72.67054752604166,6.186738072498606,0.026666652610554304,6.175593114464257,6.19653174472459,0.0,1.3877787807814457e-17,0.13797620467498017,1.0,0.8620237953250198,1.0,0.0,1.3877787807814457e-17,0.13797620467498017
S-DES,poisson_inhibitory,25.0,24,4,3,2,0.005654761904761905,0.0025131518398157793,0.004712301587301587,0.006696428571428571,0.95515873015873,0.01955416852205967,0.9476190476190475,0.9626984126984128,0.013293650793650793,0.0030937778580265697,0.012103174603174604,0.014484126984126983,73.900390625,0.39322915916834056,73.73976302083335,74.04922135416668,6.254760159060697,0.029454473003998602,6.243023277799528,6.264947341404967,0.0,1.3877787807814457e-17,0.13797620467498017,1.0,0.8620237953250198,1.0,0.0,1.3877787807814457e-17,0.13797620467498017
S-DES,poisson_inhibitory,50.0,24,4,3,2,0.014037698412698413,0.0038291929896931576,0.012548363095238099,0.015476190476190477,0.8936507936507937,0.029275879668577948,0.8817460317460317,0.9047619047619048,0.027827380952380954,0.006433098819846427,0.02529761904761905,0.030257936507936508,76.25716145833331,0.5616651406938103,76.02562825520833,76.46935481770832,6.393976781568511,0.04312111693619925,6.377237148582656,6.410482836669219,0.0,1.3877787807814457e-17,0.13797620467498017,1.0,0.8620237953250198,1.0,0.0,1.3877787807814457e-17,0.13797620467498017
S-DES,poisson_inhibitory,100.0,24,4,3,2,0.08779761904761905,0.009040874134007747,0.08407738095238095,0.0912202380952381,0.5146825396825397,0.04627325332751211,0.49722222222222223,0.533343253968254,0.1339781746031746,0.01355525154898204,0.12842137896825395,0.13923611111111112,79.59658854166665,0.6862124796497983,79.32000260416665,79.84917057291665,6.70111893074888,0.05900025626658964,6.677467121957422,6.72405763913941,0.0,1.3877787807814457e-17,0.13797620467498017,1.0,0.8620237953250198,1.0,0.0,1.3877787807814457e-17,0.13797620467498017
S-DES,poisson_mixed,5.0,24,4,3,2,0.0036210317460317457,0.0015493765568798015,0.0030753968253968253,0.0042658730158730155,0.9714285714285715,0.0122416111793743,0.9662698412698413,0.9761904761904763,0.008630952380952382,0.0028138980580995326,0.007589285714285714,0.009771825396825397,71.69981770833334,0.26738985181215885,71.591119140625,71.80438020833334,6.151359691795342,0.025089838890675877,6.141044793804578,6.161389414376329,0.0,1.3877787807814457e-17,0.13797620467498017,1.0,0.8620237953250198,1.0,0.0,1.3877787807814457e-17,0.13797620467498017
S-DES,poisson_mixed,10.0,24,4,3,2,0.0040178571428571425,0.0019486563725517392,0.003273809523809524,0.004761904761904762,0.9682539682539683,0.015036625348677795,0.9623015873015873,0.9742063492063493,0.009375,0.0021443662732821426,0.008581349206349205,0.010267857142857143,72.00158854166666,0.3483432731905764,71.86430794270834,72.137578125,6.168436791788504,0.02911082639728377,6.156684891802222,6.179293583513601,0.0,1.3877787807814457e-17,0.13797620467498017,1.0,0.8620237953250198,1.0,0.0,1.3877787807814457e-17,0.13797620467498017
S-DES,poisson_mixed,25.0,24,4,3,2,0.00560515873015873,0.002233508324012966,0.0047619047619047615,0.006498015873015873,0.9551587301587302,0.017868066592103736,0.9480158730158729,0.9623015873015871,0.012797619047619049,0.0029839443507538705,0.011706349206349206,0.013988095238095239,72.94583333333333,0.4691963695967405,72.76324218749998,73.12939518229166,6.222825733347925,0.032918876891668225,6.209849956886794,6.235595490764609,0.0,1.3877787807814457e-17,0.13797620467498017,1.0,0.8620237953250198,1.0,0.0,1.3877787807814457e-17,0.13797620467498017
S-DES,poisson_mixed,50.0,24,4,3,2,0.009821428571428571,0.003479670115285313,0.008531746031746031,0.011259920634920635,0.923015873015873,0.02721655269759086,0.9115079365079365,0.9333333333333332,0.02013888888888889,0.004963594500670259,0.018253968253968255,0.022123015873015874,74.87700520833333,0.40940517973582197,74.71689583333333,75.03938020833333,6.336979063891015,0.03246998726583271,6.324141075684351,6.349636678201753,0.0,1.3877787807814457e-17,0.13797620467498017,1.0,0.8620237953250198,1.0,0.0,1.3877787807814457e-17,0.13797620467498017
S-DES,poisson_mixed,100.0,24,4,3,2,0.022023809523809525,0.0033488252835655926,0.020734126984126983,0.023313492063492064,0.8369047619047619,0.025634028576846372,0.826984126984127,0.8464285714285714,0.04057539682539683,0.006706078661323895,0.03794642857142857,0.043253968253968246,78.23226562499998,0.44468047015052264,78.04284895833331,78.40299544270832,6.547117468355688,0.04473697398405705,6.529215152529214,6.564142470419171,0.0,1.3877787807814457e-17,0.13797620467498017,1.0,0.8620237953250198,1.0,0.0,1.3877787807814457e-17,0.13797620467498017
