algorithm,trial,plaintext_bytes,ciphertext_bytes,encryption_s,encoding_s,network_build_s,snn_simulation_s,spike_readout_s,decoding_s,decryption_s,online_total_without_build_s,online_total_with_build_s,peak_process_rss_mb,decoder_tie_fraction,decryption_success,exact_plaintext_recovery
S-DES,0,105,105,0.0013353489339351654,0.00014499411918222904,0.07042756397277117,0.5388497710227966,0.00011037196964025497,0.012495616218075156,0.001410038908943534,0.554346141172573,0.6247737051453441,587.890625,0.008333333333333333,True,False
S-DES,1,105,105,0.001287038903683424,0.0001757279969751835,0.06405722699128091,0.5379246959928423,8.118408732116222e-05,0.012833039043471217,0.0014490960165858269,0.5537507820408791,0.61780800903216,587.890625,0.008333333333333333,True,False
S-DES,2,105,105,0.0013176209758967161,0.00015866896137595177,0.06448715995065868,0.5387624418362975,7.90078192949295e-05,0.012284828117117286,0.0013340450823307037,0.5539366127923131,0.6184237727429718,587.890625,0.008333333333333333,True,False
S-DES,3,105,105,0.0012548109516501427,0.0002717049792408943,0.06471854005940259,0.5410363001283258,8.106487803161144e-05,0.012062170077115297,0.0013423580676317215,0.5560484090819955,0.6207669491413981,587.890625,0.008333333333333333,True,False
S-DES,4,105,105,0.0013001440092921257,0.00016663013957440853,0.06437819311395288,0.543453625170514,8.010305464267731e-05,0.012853853171691298,0.0014478389639407396,0.5593021945096552,0.6236803876236081,587.890625,0.008333333333333333,True,False
S-DES,5,105,105,0.0012760348618030548,0.0001756511628627777,0.0647081839852035,0.5365994770545512,7.866392843425274e-05,0.012030609883368015,0.0013459110632538795,0.5515063479542732,0.6162145319394767,587.890625,0.008333333333333333,True,False
S-DES,6,105,105,0.0012826290912926197,0.00016699684783816338,0.06485105608589947,0.5414682219270617,8.042505942285061e-05,0.01223557093180716,0.0013370080851018429,0.5565708519425243,0.6214219080284238,587.890625,0.008333333333333333,True,False
S-DES,7,105,105,0.0012805929873138666,0.00014888099394738674,0.06488877814263105,0.5384791060350835,7.927906699478626e-05,0.012447348097339272,0.0013787969946861267,0.553814004175365,0.618702782317996,587.890625,0.008333333333333333,True,False
S-DES,8,105,105,0.0012709330767393112,0.00016833399422466755,0.06523994985036552,0.5380554380826652,8.062482811510563e-05,0.012345679104328156,0.0013332231901586056,0.553254232276231,0.6184941821265966,587.890625,0.008333333333333333,True,False
S-DES,9,105,105,0.0012953788973391056,0.00017571798525750637,0.06494348589330912,0.5484676130581647,0.00010359892621636391,0.013125136960297823,0.0018571598920971155,0.5650246057193726,0.6299680916126817,587.890625,0.008333333333333333,True,False
DES,0,105,120,0.00026359804905951023,0.00019902200438082218,0.06560470699332654,0.6190307920332998,8.13209917396307e-05,0.01407149201259017,0.00010248390026390553,0.6337487089913338,0.6993534159846604,587.890625,0.015625,False,False
DES,1,105,120,0.00015176599845290184,0.0001645791344344616,0.06507320306263864,0.6339031429961324,8.233101107180119e-05,0.014468478038907051,7.262988947331905e-05,0.6488429270684719,0.7139161301311105,587.890625,0.03333333333333333,False,False
DES,2,105,120,0.0001745519693940878,0.00021631596609950066,0.06453106901608407,0.6115426400210708,8.049397729337215e-05,0.014463516883552074,7.113884203135967e-05,0.6265486576594412,0.6910797266755253,587.890625,0.030208333333333334,True,False
DES,3,105,120,0.00017235800623893738,0.00018823891878128052,0.06421580794267356,0.6152968320529908,0.00010056816972792149,0.014463119907304645,7.45849683880806e-05,0.6302957020234317,0.6945115099661052,587.890625,0.023958333333333335,False,False
DES,4,105,120,0.00018873601220548153,0.00025244499556720257,0.06564707215875387,0.6185737939085811,8.272402919828892e-05,0.014876581029966474,7.216609083116055e-05,0.6340464460663497,0.6996935182251036,587.890625,0.03125,False,False
DES,5,105,120,0.00020402087830007076,0.0002040439285337925,0.06396467587910593,0.6189142388757318,8.310191333293915e-05,0.014176341937854886,7.0963054895401e-05,0.6336527105886489,0.6976173864677548,587.890625,0.036458333333333336,False,False
DES,6,105,120,0.00017174705862998962,0.00022984598763287067,0.06418249197304249,0.6175705341156572,8.144020102918148e-05,0.014942728914320469,9.426590986549854e-05,0.6330905621871352,0.6972730541601777,587.890625,0.030208333333333334,False,False
DES,7,105,120,0.0001363428309559822,0.0001699230633676052,0.0643738319631666,0.6112410379573703,8.566398173570633e-05,0.014133003074675798,7.220008410513401e-05,0.6258381709922105,0.6902120029553771,587.890625,0.029166666666666667,False,False
DES,8,105,120,0.00017100502736866474,0.0001850309781730175,0.06445305491797626,0.6146777300164104,0.00011010700836777687,0.014949735952541232,6.63569662719965e-05,0.630159965949133,0.6946130208671093,587.890625,0.026041666666666668,False,False
DES,9,105,120,0.00013442197814583778,0.00016480195336043835,0.06466623395681381,0.6147842300124466,8.174707181751728e-05,0.014227685984224081,7.118098437786102e-05,0.6294640679843724,0.6941303019411862,587.890625,0.029166666666666667,False,False
AES,0,105,128,0.00016552605666220188,0.0002218929585069418,0.06407190207391977,0.6566042541526258,7.982505485415459e-05,0.015166769968345761,6.24519307166338e-05,0.6723007201217115,0.7363726221956313,587.890625,0.0439453125,False,False
AES,1,105,128,0.00016486598178744316,0.0002537509426474571,0.06426823302172124,0.6546517619863153,8.034100756049156e-05,0.01586612407118082,5.357200279831886e-05,0.6710704159922898,0.735338649014011,587.890625,0.048828125,False,False
AES,2,105,128,0.00012726709246635437,0.00017571402713656425,0.06404192885383964,0.6578095210716128,7.984205149114132e-05,0.01533055305480957,5.42390625923872e-05,0.6735771363601089,0.7376190652139485,587.890625,0.052734375,False,False
AES,3,105,128,0.00012454111129045486,0.00017586699686944485,0.06438881205394864,0.6628846051171422,8.699600584805012e-05,0.01631065085530281,5.1786890253424644e-05,0.6796344469767064,0.744023259030655,587.890625,0.0380859375,False,False
AES,4,105,128,0.00012690690346062183,0.00017742905765771866,0.06630707089789212,0.6524065961129963,8.241413161158562e-05,0.016059749061241746,6.101303733885288e-05,0.6689141083043069,0.735221179202199,587.890625,0.048828125,False,False
AES,5,105,128,0.0001289239153265953,0.00017988518811762333,0.06398434704169631,0.6623657278250903,8.197082206606865e-05,0.015360629186034203,6.248382851481438e-05,0.6781796207651496,0.7421639678068459,587.890625,0.0439453125,False,False
AES,6,105,128,0.00020756712183356285,0.00020776409655809402,0.0678151969332248,0.6600324751343578,8.008279837667942e-05,0.01600023894570768,7.265200838446617e-05,0.6766007801052183,0.7444159770384431,587.890625,0.0380859375,False,False
AES,7,105,128,0.00016177515499293804,0.00020409910939633846,0.06396374898031354,0.6558505608700216,8.13719816505909e-05,0.015376349911093712,5.327397957444191e-05,0.6717274310067296,0.7356911799870431,587.890625,0.0478515625,False,False
AES,8,105,128,0.0001256719697266817,0.00017546885646879673,0.06388133205473423,0.6565763789694756,8.148490451276302e-05,0.0160585748963058,6.215809844434261e-05,0.673079737694934,0.7369610697496682,587.890625,0.0439453125,False,False
AES,9,105,128,0.00016257097013294697,0.0002051179762929678,0.06448885006830096,0.6555792239960283,8.101807907223701e-05,0.01576469000428915,8.462602272629738e-05,0.6718772470485419,0.7363660971168429,587.890625,0.04296875,False,False
ChaCha20,0,105,117,0.00015504006296396255,0.0001834218855947256,0.06544765993021429,0.6013401560485363,8.209794759750366e-05,0.014438922982662916,3.5695964470505714e-05,0.6162353348918259,0.6816829948220402,587.890625,0.0438034188034188,True,False
ChaCha20,1,105,117,0.00011690007522702217,0.00016371812671422958,0.06389193492941558,0.5983749839942902,8.176802657544613e-05,0.014394176891073585,4.041288048028946e-05,0.6131719599943608,0.6770638949237764,587.890625,0.03739316239316239,True,False
ChaCha20,2,105,117,0.00015175295993685722,0.0001828530803322792,0.06510454206727445,0.6004875891376287,7.961015217006207e-05,0.013775588013231754,3.4844037145376205e-05,0.614712237380445,0.6798167794477195,587.890625,0.04807692307692308,True,False
ChaCha20,3,105,117,0.0001108639407902956,0.00016266899183392525,0.06496730190701783,0.60221286281012,8.028699085116386e-05,0.01442181202583015,4.0877144783735275e-05,0.6170293719042093,0.6819966738112271,587.890625,0.049145299145299144,True,False
ChaCha20,4,105,117,0.00015124003402888775,0.0001787380315363407,0.06458489201031625,0.6034778649918735,8.366396650671959e-05,0.014083296060562134,4.031904973089695e-05,0.6180151221342385,0.6826000141445547,587.890625,0.04700854700854701,True,False
ChaCha20,5,105,117,0.00019357120618224144,0.00018750084564089775,0.06494036200456321,0.5978061580099165,7.91910570114851e-05,0.014185744104906917,3.976793959736824e-05,0.6124919331632555,0.6774322951678187,587.890625,0.0405982905982906,True,False
ChaCha20,6,105,117,0.0001512488815933466,0.00017697596922516823,0.06466832710430026,0.6009090039879084,7.986207492649555e-05,0.013744519092142582,3.9417995139956474e-05,0.6151010280009359,0.6797693551052362,587.890625,0.05235042735042735,True,False
ChaCha20,7,105,117,0.00015336205251514912,0.00022803782485425472,0.06637333682738245,0.6060428931377828,0.0001282729208469391,0.016481169033795595,6.732204928994179e-05,0.6231010570190847,0.6894743938464671,587.890625,0.03952991452991453,True,False
ChaCha20,8,105,117,0.00014878087677061558,0.00022667390294373035,0.06919436505995691,0.6010630808304995,8.282484486699104e-05,0.013960201991721988,4.0236860513687134e-05,0.6155217993073165,0.6847161643672734,587.890625,0.03632478632478633,True,False
ChaCha20,9,105,117,0.00015360605902969837,0.00019186711870133877,0.06489263800904155,0.6108607049100101,8.111982606351376e-05,0.014312472892925143,3.9218924939632416e-05,0.6256389897316694,0.690531627740711,587.890625,0.04807692307692308,True,False
RSA,0,105,256,0.0007442908827215433,0.00039416016079485416,0.06488226098008454,1.3230834680143744,9.078998118638992e-05,0.03844305197708309,0.0013733310624957085,1.364129092078656,1.4290113530587405,587.890625,0.05029296875,False,False
RSA,1,105,256,0.0006168789695948362,0.00034968601539731026,0.06440874398685992,1.3164648560341448,9.002909064292908e-05,0.03822697582654655,0.001364096999168396,1.3571125229354948,1.4215212669223547,587.890625,0.05224609375,False,False
RSA,2,105,256,0.0006047249771654606,0.00035529211163520813,0.06462991121225059,1.309413508977741,8.788518607616425e-05,0.03903764602728188,0.0014522920828312635,1.350951349362731,1.4155812605749816,587.890625,0.0458984375,False,False
RSA,3,105,256,0.0006111168768256903,0.00036016199737787247,0.06450463295914233,1.305666235042736,9.019789285957813e-05,0.04191460181027651,0.001568299951031804,1.3502106135711074,1.4147152465302497,587.890625,0.05419921875,False,False
RSA,4,105,256,0.0006765620782971382,0.0003824650775641203,0.0642635531257838,1.3047779719345272,9.26631037145853e-05,0.03901009587571025,0.0013776959385722876,1.3463174540083855,1.4105810071341693,587.890625,0.052734375,False,False
RSA,5,105,256,0.0006167939864099026,0.0003579859621822834,0.06414808589033782,1.3029214090202004,9.399396367371082e-05,0.03847153694368899,0.0013994670007377863,1.343861186876893,1.4080092727672309,587.890625,0.04736328125,False,False
RSA,6,105,256,0.0006695289630442858,0.0003505190834403038,0.0692142138723284,1.316175702959299,9.016995318233967e-05,0.04107479704543948,0.001374304061755538,1.359735022066161,1.4289492359384894,587.890625,0.0546875,False,False
RSA,7,105,256,0.0006133988499641418,0.00033821980468928814,0.06439599907025695,1.3023972979281098,8.641905151307583e-05,0.04224530910141766,0.0014442719984799623,1.347124916734174,1.4115209158044308,587.890625,0.04736328125,False,False
RSA,8,105,256,0.0006599209737032652,0.0003622721415013075,0.06408322392962873,1.2994257789105177,8.940603584051132e-05,0.039023770950734615,0.0014388160780072212,1.3409999650903046,1.4050831890199333,587.890625,0.052734375,False,False
RSA,9,105,256,0.0006318259984254837,0.00037418585270643234,0.06387751898728311,1.2979500298388302,8.661998435854912e-05,0.04079115204513073,0.001411922974511981,1.3412457366939634,1.4051232556812465,587.890625,0.05224609375,False,False
ECIES,0,105,198,0.0018773749470710754,0.0003418892156332731,0.06421888712793589,1.005755522986874,8.464395068585873e-05,0.026809614850208163,0.0013752100057899952,1.0362442559562624,1.1004631430841982,587.890625,0.0,True,True
ECIES,1,105,198,0.0018246099352836609,0.00028673699125647545,0.06485015200451016,1.0094889239408076,8.592382073402405e-05,0.026487673865631223,0.0013172209728509188,1.0394910895265639,1.104341241531074,587.890625,0.0,True,True
ECIES,2,105,198,0.0018344179261475801,0.00027469894848763943,0.06439334293827415,1.0054281088523567,8.442206308245659e-05,0.027138757053762674,0.0013705280143767595,1.0361309328582138,1.100524275796488,587.890625,0.0,True,True
ECIES,3,105,198,0.0018060910515487194,0.00027946988120675087,0.06575563014484942,1.0118735518772155,9.08758956938982e-05,0.02931089699268341,0.0013579858932644129,1.0447188715916127,1.1104745017364621,587.890625,0.0,True,True
ECIES,4,105,198,0.0019171740859746933,0.0003212708979845047,0.06541349203325808,1.0059396519791335,8.081714622676373e-05,0.027060828870162368,0.0013178028166294098,1.0366375457961112,1.1020510378293693,587.890625,0.0,True,True
ECIES,5,105,198,0.0018478999845683575,0.00026888097636401653,0.06720496504567564,1.0213022788520902,8.399994112551212e-05,0.026944763027131557,0.0013425108045339584,1.0517903335858136,1.1189952986314893,587.890625,0.0,True,True
ECIES,6,105,198,0.0018066051416099072,0.00027273804880678654,0.06670303200371563,1.0209381629247218,8.156895637512207e-05,0.02724969293922186,0.0014171670190989971,1.0517659350298345,1.1184689670335501,587.890625,0.0,True,True
ECIES,7,105,198,0.0018716941121965647,0.0002836610656231642,0.06453944905661047,1.01491680694744,8.319295011460781e-05,0.026919295080006123,0.0013593619223684072,1.0454340120777488,1.1099734611343592,587.890625,0.0,True,True
ECIES,8,105,198,0.0017957359086722136,0.00026861391961574554,0.06433533993549645,1.0171545990742743,8.336687460541725e-05,0.027265277924016118,0.0014074498321861029,1.04797504353337,1.1123103834688663,587.890625,0.0,True,True
ECIES,9,105,198,0.001845336053520441,0.000332023948431015,0.06496885791420937,1.0128719529602677,8.347304537892342e-05,0.027784254169091582,0.0014110018964856863,1.0443280420731753,1.1092968999873847,587.890625,0.0,True,True
