algorithm,experiment,condition,noise_type,noise_rate_hz,teacher_weight,n_trials,ber_mean,ber_std,ber_median,ber_q25,ber_q75,ber_ci95_low,ber_ci95_high,bit_errors_mean,bit_errors_std,bit_errors_median,bit_errors_q25,bit_errors_q75,bit_errors_ci95_low,bit_errors_ci95_high,ciphertext_byte_accuracy_mean,ciphertext_byte_accuracy_std,ciphertext_byte_accuracy_median,ciphertext_byte_accuracy_q25,ciphertext_byte_accuracy_q75,ciphertext_byte_accuracy_ci95_low,ciphertext_byte_accuracy_ci95_high,exact_ciphertext_recovery_mean,exact_ciphertext_recovery_std,exact_ciphertext_recovery_median,exact_ciphertext_recovery_q25,exact_ciphertext_recovery_q75,exact_ciphertext_recovery_ci95_low,exact_ciphertext_recovery_ci95_high,exact_ciphertext_recovery_wilson95_low,exact_ciphertext_recovery_wilson95_high,decryption_success_mean,decryption_success_std,decryption_success_median,decryption_success_q25,decryption_success_q75,decryption_success_ci95_low,decryption_success_ci95_high,decryption_success_wilson95_low,decryption_success_wilson95_high,exact_plaintext_recovery_mean,exact_plaintext_recovery_std,exact_plaintext_recovery_median,exact_plaintext_recovery_q25,exact_plaintext_recovery_q75,exact_plaintext_recovery_ci95_low,exact_plaintext_recovery_ci95_high,exact_plaintext_recovery_wilson95_low,exact_plaintext_recovery_wilson95_high,decoder_tie_fraction_mean,decoder_tie_fraction_std,decoder_tie_fraction_median,decoder_tie_fraction_q25,decoder_tie_fraction_q75,decoder_tie_fraction_ci95_low,decoder_tie_fraction_ci95_high,victor_purpura_mean_mean,victor_purpura_mean_std,victor_purpura_mean_median,victor_purpura_mean_q25,victor_purpura_mean_q75,victor_purpura_mean_ci95_low,victor_purpura_mean_ci95_high,van_rossum_mean_mean,van_rossum_mean_std,van_rossum_mean_median,van_rossum_mean_q25,van_rossum_mean_q75,van_rossum_mean_ci95_low,van_rossum_mean_ci95_high,simulation_wall_s_mean,simulation_wall_s_std,simulation_wall_s_median,simulation_wall_s_q25,simulation_wall_s_q75,simulation_wall_s_ci95_low,simulation_wall_s_ci95_high,plaintext_byte_accuracy_mean,plaintext_byte_accuracy_std,plaintext_byte_accuracy_median,plaintext_byte_accuracy_q25,plaintext_byte_accuracy_q75,plaintext_byte_accuracy_ci95_low,plaintext_byte_accuracy_ci95_high
AES,teaching_ablation,default_stdp_teacher_off,poisson_excitatory,10.0,1200.0,10,0.06455078125,0.0018671393749609356,0.064453125,0.0634765625,0.064453125,0.063671875,0.0658203125,66.1,1.911950719959998,66.0,65.0,66.0,65.2,67.4,0.5953125,0.014168198446599419,0.59765625,0.587890625,0.6015625,0.58671875,0.60390625,0.0,0.0,0.0,0.0,0.0,0.0,0.0,0.0,0.2775327998628892,0.0,0.0,0.0,0.0,0.0,0.0,0.0,0.0,0.2775327998628892,0.0,0.0,0.0,0.0,0.0,0.0,0.0,0.0,0.2775327998628892,0.10419921875,0.0037413660190610955,0.1044921875,0.1015625,0.106201171875,0.1021484375,0.1064453125,96.60387499999999,0.1640089661336299,96.59562499999998,96.52421874999999,96.72781250000001,96.50848437499998,96.694884375,7.650849178593155,0.00695411350010662,7.650878963357364,7.648077234678324,7.653569307695456,7.6468110702476455,7.65496643307166,0.6506858152104542,0.0044305984729889735,0.6496751814847812,0.6480236715287901,0.6531789599684998,0.6483039591007401,0.6534220504947006,,,,,,,
AES,teaching_ablation,es_static_teacher_off,poisson_excitatory,10.0,1200.0,10,0.00302734375,0.0022763194970113394,0.001953125,0.001220703125,0.005126953125,0.0017578125,0.00439453125,3.1,2.3309511649396115,2.0,1.25,5.25,1.8,4.502499999999986,0.97578125,0.018210555976090715,0.984375,0.958984375,0.990234375,0.9640625,0.9859375,0.0,0.0,0.0,0.0,0.0,0.0,0.0,0.0,0.2775327998628892,0.7,0.48304589153964794,1.0,0.25,1.0,0.4,1.0,0.39677814746114537,0.8922087325936989,0.0,0.0,0.0,0.0,0.0,0.0,0.0,0.0,0.2775327998628892,0.00556640625,0.002686286593200229,0.0048828125,0.00390625,0.007568359375,0.0041015625,0.0072265625,82.61831250000003,0.24477491963990697,82.65500000000003,82.44781250000003,82.82171875000003,82.46956093750005,82.76213437500004,6.603760566393968,0.014691258611272738,6.606383244493218,6.591598916647577,6.61622408440596,6.595081204486762,6.612291335388189,0.6535547659033909,0.004924561247892207,0.6528734089806676,0.6506869972799905,0.6555483230040409,0.650722910798504,0.6565882744354895,0.7891156462585034,0.08051770722629106,0.8380952380952381,0.7523809523809524,0.8380952380952381,0.7387755102040817,0.836734693877551
AES,teaching_ablation,es_stdp_teacher_off,poisson_excitatory,10.0,1200.0,10,0.01728515625,0.002565219831360097,0.01708984375,0.015869140625,0.019287109375,0.0158203125,0.01875,17.7,2.6267851073127395,17.5,16.25,19.75,16.2,19.2,0.86328125,0.019574604659339724,0.86328125,0.845703125,0.875,0.85234375,0.875,0.0,0.0,0.0,0.0,0.0,0.0,0.0,0.0,0.2775327998628892,0.1,0.31622776601683794,0.0,0.0,0.0,0.0,0.3,0.017876213095072896,0.4041500267952385,0.0,0.0,0.0,0.0,0.0,0.0,0.0,0.0,0.2775327998628892,0.03662109375,0.001855754272622295,0.03662109375,0.035400390625,0.037841796875,0.035546875,0.0376953125,88.48925000000004,0.30286863443121187,88.54031250000003,88.34968750000003,88.65875000000007,88.30487187500003,88.66083437500005,6.9287771303877275,0.018373863756163896,6.932574492745027,6.9190047011936935,6.939472909704087,6.917582967109457,6.939013449654582,0.651062548905611,0.00537511912930938,0.6501287064747885,0.6466924724518321,0.6538240132504143,0.6479267205140786,0.6543318996147718,0.06666666666666665,0.0,0.06666666666666665,0.06666666666666665,0.06666666666666665,0.06666666666666665,0.06666666666666665
AES,teaching_ablation,full_network,poisson_excitatory,10.0,1200.0,10,0.0,0.0,0.0,0.0,0.0,0.0,0.0,0.0,0.0,0.0,0.0,0.0,0.0,0.0,1.0,0.0,1.0,1.0,1.0,1.0,1.0,1.0,0.0,1.0,1.0,1.0,1.0,1.0,0.7224672001371107,0.9999999999999999,1.0,0.0,1.0,1.0,1.0,1.0,1.0,0.7224672001371107,0.9999999999999999,1.0,0.0,1.0,1.0,1.0,1.0,1.0,0.7224672001371107,0.9999999999999999,0.0,0.0,0.0,0.0,0.0,0.0,0.0,154.53918749999997,0.41002445832365675,154.52531249999998,154.1634375,154.81546874999998,154.29339687499998,154.77939687499997,11.910969846673064,0.025382156927279777,11.911136139718257,11.89155948252251,11.92705328770037,11.896367396982056,11.926156356840998,1.2517256900202482,0.0070771162471884985,1.2510484200902283,1.2460089904488996,1.2542647097725421,1.2477128021419048,1.255807224837481,1.0,0.0,1.0,1.0,1.0,1.0,1.0
AES,teaching_ablation,teacher_assisted_then_off,poisson_excitatory,10.0,1200.0,10,0.041796875,0.002383203804391032,0.04150390625,0.0400390625,0.04296875,0.0404296875,0.04326171875,42.8,2.440400695696417,42.5,41.0,44.0,41.4,44.3,0.6796875,0.021788021524324883,0.68359375,0.666015625,0.6953125,0.665625,0.6921875,0.0,0.0,0.0,0.0,0.0,0.0,0.0,0.0,0.2775327998628892,0.0,0.0,0.0,0.0,0.0,0.0,0.0,0.0,0.2775327998628892,0.0,0.0,0.0,0.0,0.0,0.0,0.0,0.0,0.2775327998628892,0.0810546875,0.0030187560206691743,0.080078125,0.078369140625,0.08349609375,0.079296875,0.08291015625,99.33237499999998,0.20199263428539874,99.31531250000003,99.18859374999997,99.38046874999996,99.22685624999998,99.45626562499999,7.56652391494525,0.012392847413420924,7.563296291941821,7.557521727708137,7.570576406812529,7.560346174545823,7.574463296960622,0.6504696360090747,0.003059610854628578,0.6500553450314328,0.6484105960698798,0.6516248885309324,0.6487751545169158,0.6522904165968066,,,,,,,
AES,teaching_ablation,teacher_only,poisson_excitatory,10.0,1200.0,10,0.0,0.0,0.0,0.0,0.0,0.0,0.0,0.0,0.0,0.0,0.0,0.0,0.0,0.0,1.0,0.0,1.0,1.0,1.0,1.0,1.0,1.0,0.0,1.0,1.0,1.0,1.0,1.0,0.7224672001371107,0.9999999999999999,1.0,0.0,1.0,1.0,1.0,1.0,1.0,0.7224672001371107,0.9999999999999999,1.0,0.0,1.0,1.0,1.0,1.0,1.0,0.7224672001371107,0.9999999999999999,0.0,0.0,0.0,0.0,0.0,0.0,0.0,65.0968750000001,0.0,65.0968750000001,65.0968750000001,65.0968750000001,65.0968750000001,65.0968750000001,6.256346234633369,0.0,6.256346234633369,6.256346234633369,6.256346234633369,6.256346234633369,6.256346234633369,1.2509560831356794,0.005069166109353647,1.250113204587251,1.2466816536034457,1.2531503833597526,1.2481749515433331,1.2541950826375978,1.0,0.0,1.0,1.0,1.0,1.0,1.0
AES,teaching_weight_sweep,teacher_assisted_then_off,poisson_excitatory,10.0,0.0,10,0.0177734375,0.0011086840081983333,0.0185546875,0.016845703125,0.0185546875,0.01708984375,0.018359375,18.2,1.1352924243950933,19.0,17.25,19.0,17.5,18.8,0.86328125,0.015296015787071264,0.859375,0.8515625,0.865234375,0.8546875,0.87265625,0.0,0.0,0.0,0.0,0.0,0.0,0.0,0.0,0.2775327998628892,0.0,0.0,0.0,0.0,0.0,0.0,0.0,0.0,0.2775327998628892,0.0,0.0,0.0,0.0,0.0,0.0,0.0,0.0,0.2775327998628892,0.03583984375,0.0015302941762425988,0.0361328125,0.0361328125,0.036865234375,0.03486328125,0.03662109375,88.60643750000004,0.17567455558265627,88.63718750000004,88.47187500000004,88.74703125000005,88.49754843750004,88.70844375000003,6.936277460876117,0.012738485553227775,6.937338394437132,6.928078456473537,6.941492345743933,6.928971747634721,6.9436232723432285,0.6522873015841469,0.005131731042093343,0.6532604194944724,0.6478942147223279,0.6544283891562372,0.6493565033643972,0.6553172693611122,,,,,,,
AES,teaching_weight_sweep,teacher_assisted_then_off,poisson_excitatory,10.0,300.0,10,0.0111328125,0.0022646519701726674,0.01171875,0.0107421875,0.0126953125,0.009765625,0.01240234375,11.4,2.3190036174568114,12.0,11.0,13.0,10.0,12.6,0.91484375,0.016242152218242368,0.9140625,0.900390625,0.919921875,0.90625,0.925,0.0,0.0,0.0,0.0,0.0,0.0,0.0,0.0,0.2775327998628892,0.2,0.42163702135578396,0.0,0.0,0.0,0.0,0.40249999999998637,0.05668215145437519,0.5098375284633583,0.0,0.0,0.0,0.0,0.0,0.0,0.0,0.0,0.2775327998628892,0.023828125,0.0026122920114243333,0.02392578125,0.022705078125,0.02587890625,0.022265625,0.02529296875,89.91550000000004,0.23281150726858127,89.88125000000005,89.84890625000006,90.08515625000004,89.78372656250004,90.04970000000006,7.034689246645892,0.015097185804346666,7.035970329334296,7.026951382954387,7.042814994322953,7.025846416945051,7.043092816303768,0.6522020705742761,0.005075832284357921,0.6509720284957439,0.6486193336895667,0.65634708001744,0.6493216901167762,0.6553284385538427,0.41904761904761906,0.12121830534626525,0.41904761904761906,0.3761904761904762,0.46190476190476193,0.33333333333333337,0.5047619047619047
AES,teaching_weight_sweep,teacher_assisted_then_off,poisson_excitatory,10.0,600.0,10,0.05712890625,0.002847144479904932,0.05712890625,0.054931640625,0.058349609375,0.05556640625,0.0587890625,58.5,2.9154759474226504,58.5,56.25,59.75,56.9,60.3,0.6015625,0.01948779888944761,0.60546875,0.595703125,0.609375,0.58984375,0.6125,0.0,0.0,0.0,0.0,0.0,0.0,0.0,0.0,0.2775327998628892,0.0,0.0,0.0,0.0,0.0,0.0,0.0,0.0,0.2775327998628892,0.0,0.0,0.0,0.0,0.0,0.0,0.0,0.0,0.2775327998628892,0.11044921875,0.0038639747983656046,0.1103515625,0.108642578125,0.11181640625,0.10830078125,0.11259765625,97.168,0.2729355591425119,97.14125000000003,97.00406250000002,97.21328125,97.01893437500001,97.33112968749998,7.415961903233759,0.01684069822277886,7.411435851063112,7.403123797755635,7.4257041241198944,7.4066920795656,7.426545737817124,0.6560395484557375,0.004567005597379597,0.6562022959114984,0.6526434759725817,0.6596290017478168,0.6534101000614464,0.6587403345108033,,,,,,,
AES,teaching_weight_sweep,teacher_assisted_then_off,poisson_excitatory,10.0,900.0,10,0.0546875,0.0026445437515091015,0.05419921875,0.052978515625,0.0556640625,0.0533203125,0.0564453125,56.0,2.70801280154532,55.5,54.25,57.0,54.5,57.7,0.596875,0.014358384116760648,0.59765625,0.5859375,0.609375,0.58828125,0.60546875,0.0,0.0,0.0,0.0,0.0,0.0,0.0,0.0,0.2775327998628892,0.0,0.0,0.0,0.0,0.0,0.0,0.0,0.0,0.2775327998628892,0.0,0.0,0.0,0.0,0.0,0.0,0.0,0.0,0.2775327998628892,0.10625,0.0042142063366360045,0.1064453125,0.103515625,0.108154296875,0.10380859375,0.1087890625,99.19474999999998,0.26798797003472,99.3278125,99.07750000000001,99.3646875,99.0204625,99.3327578125,7.545481645583623,0.01606355724743599,7.550256911935316,7.541271832397237,7.554436453554693,7.535445186855264,7.554321134807562,0.6525323563022539,0.007482855213900214,0.6514878629241139,0.6487306337221526,0.6565669163828716,0.6482932363002328,0.6568926899059442,,,,,,,
AES,teaching_weight_sweep,teacher_assisted_then_off,poisson_excitatory,10.0,1200.0,10,0.04150390625,0.0024468255824174655,0.04150390625,0.040283203125,0.043701171875,0.0400390625,0.04287109375,42.5,2.5055493963954847,42.5,41.25,44.75,40.9,43.8,0.68046875,0.01821055597609072,0.6796875,0.671875,0.6796875,0.6703125,0.69140625,0.0,0.0,0.0,0.0,0.0,0.0,0.0,0.0,0.2775327998628892,0.0,0.0,0.0,0.0,0.0,0.0,0.0,0.0,0.2775327998628892,0.0,0.0,0.0,0.0,0.0,0.0,0.0,0.0,0.2775327998628892,0.0794921875,0.004444283376530211,0.08056640625,0.0751953125,0.082763671875,0.07685546875,0.08212890625,99.31056249999997,0.20670959945523387,99.29124999999996,99.18453124999999,99.43343749999998,99.19199687499997,99.42833593749998,7.566142694770624,0.013284844803046801,7.563909532756012,7.557501358603156,7.572688500023332,7.558899898084389,7.574236337955604,0.6529322766233235,0.005418205882577751,0.6523316759848967,0.6484541236422956,0.6571571645326912,0.6498117083689431,0.6561408489604946,,,,,,,
ChaCha20,teaching_ablation,default_stdp_teacher_off,poisson_excitatory,10.0,1200.0,10,0.08643162393162393,0.00263869423829668,0.08653846153846154,0.08547008547008547,0.08814102564102565,0.08472222222222223,0.08792735042735042,80.9,2.4698178070456938,81.0,80.0,82.5,79.4,82.4,0.5025641025641026,0.01881205016435234,0.5,0.48931623931623935,0.5128205128205128,0.4923076923076922,0.5136752136752136,0.0,0.0,0.0,0.0,0.0,0.0,0.0,0.0,0.2775327998628892,1.0,0.0,1.0,1.0,1.0,1.0,1.0,0.7224672001371107,0.9999999999999999,0.0,0.0,0.0,0.0,0.0,0.0,0.0,0.0,0.2775327998628892,0.11271367521367523,0.00494103879113661,0.11324786324786325,0.10817307692307693,0.11672008547008547,0.10982905982905984,0.11570512820512821,89.36149999999998,0.11409867196617324,89.31656249999997,89.28593749999997,89.41390624999997,89.30298437499997,89.43499999999997,7.353245179626039,0.00553850530373188,7.355049265437352,7.348836182409655,7.356479938161547,7.349862948481541,7.356482697893749,0.5976196767063812,0.008819570889821991,0.5927150860661641,0.5911825720686466,0.6044987027999014,0.5928574837977066,0.6029355798050529,0.0,0.0,0.0,0.0,0.0,0.0,0.0
ChaCha20,teaching_ablation,es_static_teacher_off,poisson_excitatory,10.0,1200.0,10,0.0023504273504273503,0.0018709295636130624,0.002136752136752137,0.0010683760683760685,0.004006410256410257,0.001282051282051282,0.0034188034188034192,2.2,1.7511900715418263,2.0,1.0,3.75,1.2,3.2,0.9811965811965813,0.014967436508904492,0.9829059829059829,0.967948717948718,0.9914529914529915,0.9726495726495727,0.9897435897435898,0.2,0.42163702135578396,0.0,0.0,0.0,0.0,0.5,0.05668215145437519,0.5098375284633583,1.0,0.0,1.0,1.0,1.0,1.0,1.0,0.7224672001371107,0.9999999999999999,0.2,0.42163702135578396,0.0,0.0,0.0,0.0,0.5,0.05668215145437519,0.5098375284633583,0.005555555555555556,0.0028843955457715934,0.005876068376068376,0.003205128205128205,0.007211538461538462,0.0038461538461538472,0.007371794871794871,75.67812500000002,0.3885764618021386,75.48156250000002,75.3921875,75.97125000000003,75.46067968750003,75.90482187500002,6.325540798325801,0.020173900129504225,6.316540224639131,6.31274751278433,6.342537211241416,6.314469370253924,6.33824200839022,0.5971242728643119,0.006016949576419534,0.5958624499617144,0.5920944942627102,0.6008121769991703,0.5937514793523587,0.6006771874910919,0.49714285714285716,0.5180890133457369,0.49047619047619045,0.00952380952380949,0.9880952380952381,0.20095238095238094,0.7923809523809524
ChaCha20,teaching_ablation,es_stdp_teacher_off,poisson_excitatory,10.0,1200.0,10,0.01933760683760684,0.00407448496722609,0.0186965811965812,0.01629273504273504,0.023504273504273504,0.017094017094017092,0.021794871794871794,18.1,3.8137179293236207,17.5,15.25,22.0,16.0,20.3,0.8521367521367521,0.029621410212125436,0.8504273504273504,0.8247863247863247,0.8782051282051282,0.835042735042735,0.8692521367521368,0.0,0.0,0.0,0.0,0.0,0.0,0.0,0.0,0.2775327998628892,1.0,0.0,1.0,1.0,1.0,1.0,1.0,0.7224672001371107,0.9999999999999999,0.0,0.0,0.0,0.0,0.0,0.0,0.0,0.0,0.2775327998628892,0.04145299145299146,0.004980664882349598,0.0405982905982906,0.03739316239316239,0.045940170940170943,0.03856837606837606,0.04444444444444444,81.17699999999999,0.28813815045911295,81.14781250000003,80.96468749999998,81.26593750000002,81.014665625,81.3498859375,6.642054522931621,0.01754118960509955,6.639147640694556,6.629303909528673,6.647937558742179,6.6327754881320296,6.653199995522337,0.5911096065072343,0.004564963273325955,0.590792111470364,0.5884260802995414,0.5918846427230164,0.5886381305375835,0.5937517284502974,0.09142857142857143,0.27915576574197637,0.0,0.0,0.0071428571428571175,0.0,0.26859523809523794
ChaCha20,teaching_ablation,full_network,poisson_excitatory,10.0,1200.0,10,0.0,0.0,0.0,0.0,0.0,0.0,0.0,0.0,0.0,0.0,0.0,0.0,0.0,0.0,1.0,0.0,1.0,1.0,1.0,1.0,1.0,1.0,0.0,1.0,1.0,1.0,1.0,1.0,0.7224672001371107,0.9999999999999999,1.0,0.0,1.0,1.0,1.0,1.0,1.0,0.7224672001371107,0.9999999999999999,1.0,0.0,1.0,1.0,1.0,1.0,1.0,0.7224672001371107,0.9999999999999999,0.0,0.0,0.0,0.0,0.0,0.0,0.0,139.7213125,0.29525801599100054,139.74843750000002,139.52437500000002,139.83750000000003,139.54928437500004,139.90590625000002,11.28663195275145,0.02388217936616523,11.289923269847606,11.271802280883593,11.295437585748207,11.272761162571905,11.299944751148253,1.1477315146941691,0.009679745431758665,1.1459436010336503,1.1403755296487361,1.1510291004669853,1.1427311454620213,1.1545603944698815,1.0,0.0,1.0,1.0,1.0,1.0,1.0
ChaCha20,teaching_ablation,teacher_assisted_then_off,poisson_excitatory,10.0,1200.0,10,0.029273504273504274,0.0020271010642104997,0.028846153846153848,0.027777777777777776,0.029914529914529916,0.028205128205128206,0.030662393162393158,27.4,1.8973665961010275,27.0,26.0,28.0,26.4,28.5,0.7786324786324786,0.013633602409122977,0.7863247863247863,0.7713675213675213,0.7863247863247863,0.77008547008547,0.7854700854700856,0.0,0.0,0.0,0.0,0.0,0.0,0.0,0.0,0.2775327998628892,1.0,0.0,1.0,1.0,1.0,1.0,1.0,0.7224672001371107,0.9999999999999999,0.0,0.0,0.0,0.0,0.0,0.0,0.0,0.0,0.2775327998628892,0.08034188034188035,0.0028400857603101005,0.08066239316239317,0.07932692307692307,0.08199786324786325,0.07852564102564104,0.08194444444444446,89.90981249999997,0.24184961645446348,89.88937499999997,89.71078124999998,89.95671875000001,89.77834999999996,90.06010312499998,7.161585174571623,0.015805920242673507,7.158433866186103,7.148100483388861,7.1675250324505,7.152475673817781,7.171327039303779,0.5959719272563234,0.004930230789164811,0.594816476572305,0.5923876013257541,0.5981695852824487,0.5931923663249472,0.5988818338682177,0.002857142857142847,0.004600437062282346,0.0,0.0,0.0071428571428571175,0.0,0.005714285714285694
ChaCha20,teaching_ablation,teacher_only,poisson_excitatory,10.0,1200.0,10,0.0,0.0,0.0,0.0,0.0,0.0,0.0,0.0,0.0,0.0,0.0,0.0,0.0,0.0,1.0,0.0,1.0,1.0,1.0,1.0,1.0,1.0,0.0,1.0,1.0,1.0,1.0,1.0,0.7224672001371107,0.9999999999999999,1.0,0.0,1.0,1.0,1.0,1.0,1.0,0.7224672001371107,0.9999999999999999,1.0,0.0,1.0,1.0,1.0,1.0,1.0,0.7224672001371107,0.9999999999999999,0.0,0.0,0.0,0.0,0.0,0.0,0.0,59.5900000000001,1.4979556132593925e-14,59.59000000000009,59.59000000000009,59.59000000000009,59.5900000000001,59.5900000000001,5.993762843648478,0.0,5.993762843648478,5.993762843648478,5.993762843648478,5.993762843648478,5.993762843648478,1.1463196800788864,0.00802659071953398,1.1477749064797536,1.141166761983186,1.1507132576662116,1.141425050299149,1.1507104763400275,1.0,0.0,1.0,1.0,1.0,1.0,1.0
ChaCha20,teaching_weight_sweep,teacher_assisted_then_off,poisson_excitatory,10.0,0.0,10,0.02126068376068376,0.002998651628920353,0.021367521367521368,0.018963675213675216,0.023237179487179488,0.01955128205128205,0.023076923076923078,19.9,2.806737924669451,20.0,17.75,21.75,18.2,21.4,0.8435897435897435,0.02056419650440866,0.8418803418803419,0.829059829059829,0.8525641025641025,0.8324786324786324,0.8564102564102564,0.0,0.0,0.0,0.0,0.0,0.0,0.0,0.0,0.2775327998628892,1.0,0.0,1.0,1.0,1.0,1.0,1.0,0.7224672001371107,0.9999999999999999,0.0,0.0,0.0,0.0,0.0,0.0,0.0,0.0,0.2775327998628892,0.04049145299145299,0.004074484967226089,0.0405982905982906,0.038461538461538464,0.0438034188034188,0.038141025641025644,0.042735042735042736,81.02656250000001,0.28160089992804815,81.05281250000002,80.90906250000002,81.18046874999999,80.846375,81.17694687500004,6.634129619617886,0.01827109873169477,6.638485605226602,6.626381877692058,6.640246399925088,6.622623682707769,6.645123553906895,0.595944507769309,0.004723989219251909,0.5956169191049412,0.592781170096714,0.5982207703054883,0.5933002508216305,0.5988223997323076,0.0876190476190476,0.2570370152543877,0.00952380952380949,0.0023809523809523725,0.00952380952380949,0.003809523809523796,0.25142857142857145
ChaCha20,teaching_weight_sweep,teacher_assisted_then_off,poisson_excitatory,10.0,300.0,10,0.00747863247863248,0.003063506149231705,0.008547008547008548,0.006677350427350427,0.009615384615384616,0.005662393162393162,0.009188034188034188,7.0,2.8674417556808756,8.0,6.25,9.0,5.2,8.502499999999987,0.941025641025641,0.023648439851221763,0.9316239316239316,0.9230769230769231,0.9465811965811965,0.9290384615384616,0.9564102564102563,0.0,0.0,0.0,0.0,0.0,0.0,0.0,0.0,0.2775327998628892,1.0,0.0,1.0,1.0,1.0,1.0,1.0,0.7224672001371107,0.9999999999999999,0.0,0.0,0.0,0.0,0.0,0.0,0.0,0.0,0.2775327998628892,0.013034188034188035,0.0028843955457715934,0.01282051282051282,0.011752136752136752,0.014957264957264958,0.011322115384615389,0.014636752136752137,81.71781250000001,0.2015050251820251,81.75781249999999,81.64359375000002,81.78078125000003,81.60202031250002,81.83650937500002,6.699764034369781,0.012107151049276182,6.699613791662002,6.692622339606945,6.703279459941843,6.692893833689975,6.706639263156825,0.5977422575931997,0.0047808315610188504,0.5979911590693519,0.5939354046713561,0.6013934953371063,0.5948933554755058,0.6004807136667659,0.38,0.4910168079291525,0.0,0.0,0.9214285714285715,0.0980952380952381,0.6685714285714285
ChaCha20,teaching_weight_sweep,teacher_assisted_then_off,poisson_excitatory,10.0,600.0,10,0.05181623931623932,0.002530746154478612,0.05181623931623931,0.050213675213675216,0.0531517094017094,0.05042735042735043,0.05331196581196581,48.5,2.3687784005919825,48.5,47.0,49.75,47.1,49.9,0.6128205128205128,0.021716055840637613,0.6111111111111112,0.6068376068376069,0.6239316239316239,0.6008547008547008,0.6247863247863247,0.0,0.0,0.0,0.0,0.0,0.0,0.0,0.0,0.2775327998628892,1.0,0.0,1.0,1.0,1.0,1.0,1.0,0.7224672001371107,0.9999999999999999,0.0,0.0,0.0,0.0,0.0,0.0,0.0,0.0,0.2775327998628892,0.08141025641025641,0.004955135934736776,0.08226495726495726,0.07932692307692307,0.08333333333333333,0.07841880341880342,0.08450854700854701,86.81131249999996,0.28195705106599855,86.86593749999994,86.69765624999997,87.05624999999999,86.64678124999996,86.96875937499998,6.97640725518149,0.01748565906053042,6.9800589145283265,6.965631796897107,6.991794491799259,6.9660398973501625,6.986337893028441,0.5956201949389651,0.005005999002521056,0.5944952735444531,0.5929807195207104,0.5987421761383303,0.5927715866710059,0.5986669685679953,0.004761904761904756,0.00673435029701474,0.0,0.0,0.00952380952380949,0.000952380952380949,0.008571428571428586
ChaCha20,teaching_weight_sweep,teacher_assisted_then_off,poisson_excitatory,10.0,900.0,10,0.04348290598290598,0.0026673765400390325,0.0438034188034188,0.04193376068376068,0.04487179487179487,0.041880341880341884,0.04508547008547008,40.7,2.496664441476534,41.0,39.25,42.0,39.2,42.1,0.6752136752136753,0.02483703101732576,0.670940170940171,0.6602564102564102,0.6987179487179487,0.6606837606837607,0.6897435897435897,0.0,0.0,0.0,0.0,0.0,0.0,0.0,0.0,0.2775327998628892,1.0,0.0,1.0,1.0,1.0,1.0,1.0,0.7224672001371107,0.9999999999999999,0.0,0.0,0.0,0.0,0.0,0.0,0.0,0.0,0.2775327998628892,0.0969017094017094,0.003023921611873758,0.09775641025641026,0.09642094017094018,0.09829059829059829,0.09497863247863247,0.09861111111111112,89.56506249999998,0.17881881202693217,89.54374999999996,89.40812499999996,89.69624999999998,89.46624531249998,89.66888749999998,7.134504287898454,0.011543745201932052,7.134063732299194,7.124713333785694,7.141655418746439,7.128018059730649,7.141686391577154,0.5948036796180531,0.0053707052641762945,0.5936217040289193,0.5928906763438135,0.5969824123894796,0.5919347675371682,0.5982409439072944,0.002857142857142847,0.004600437062282346,0.0,0.0,0.0071428571428571175,0.0,0.005714285714285694
ChaCha20,teaching_weight_sweep,teacher_assisted_then_off,poisson_excitatory,10.0,1200.0,10,0.0297008547008547,0.0020642986817933683,0.03044871794871795,0.027777777777777776,0.030982905982905984,0.028525641025641025,0.030982905982905984,27.8,1.9321835661585915,28.5,26.0,29.0,26.7,28.9,0.7769230769230768,0.013024648946623927,0.7735042735042734,0.7692307692307692,0.7863247863247863,0.7692307692307692,0.7846153846153847,0.0,0.0,0.0,0.0,0.0,0.0,0.0,0.0,0.2775327998628892,1.0,0.0,1.0,1.0,1.0,1.0,1.0,0.7224672001371107,0.9999999999999999,0.0,0.0,0.0,0.0,0.0,0.0,0.0,0.0,0.2775327998628892,0.08002136752136753,0.002386305636431762,0.08012820512820513,0.07905982905982906,0.08012820512820513,0.07873931623931625,0.08141025641025641,89.94649999999999,0.27234262147564875,89.94437499999998,89.70531249999998,90.18906249999998,89.78162499999999,90.10693749999999,7.165203994991449,0.01640217546594253,7.164533609777081,7.150003392953048,7.175631276944655,7.155668190184556,7.174763116930517,0.6027481766650453,0.005156072342578403,0.6038734944304451,0.5997488910215907,0.6067657701205462,0.5997422695189015,0.6057131162891164,0.001904761904761898,0.0040155906795788805,0.0,0.0,0.0,0.0,0.004761904761904745
DES,teaching_ablation,default_stdp_teacher_off,poisson_excitatory,10.0,1200.0,10,0.06729166666666667,0.004084844769403541,0.06770833333333333,0.06614583333333333,0.06953125,0.06468750000000001,0.06947916666666668,64.6,3.9214509786273974,65.0,63.5,66.75,62.097500000000004,66.7,0.5341666666666667,0.027343832671832692,0.525,0.5166666666666666,0.5541666666666667,0.5191666666666667,0.5516666666666665,0.0,0.0,0.0,0.0,0.0,0.0,0.0,0.0,0.2775327998628892,0.0,0.0,0.0,0.0,0.0,0.0,0.0,0.0,0.2775327998628892,0.0,0.0,0.0,0.0,0.0,0.0,0.0,0.0,0.2775327998628892,0.10187500000000001,0.0048809120530015505,0.10052083333333334,0.0984375,0.10364583333333334,0.09916666666666667,0.10479427083333334,90.0255,0.1408215601587829,90.06031249999998,89.92468750000003,90.12781249999999,89.9414765625,90.10388124999997,7.365706646308101,0.006031502919461259,7.366283949104907,7.361549705876625,7.369506579366126,7.36205112524768,7.369045672876344,0.6122384336078539,0.004708673297914109,0.6102746675023809,0.6084896249230951,0.6146773452637717,0.6095923646731536,0.6150327045080485,,,,,,,
DES,teaching_ablation,es_static_teacher_off,poisson_excitatory,10.0,1200.0,10,0.003333333333333333,0.0012804922857351233,0.0036458333333333334,0.00234375,0.004166666666666667,0.0025,0.0040625,3.2,1.2292725943057183,3.5,2.25,4.0,2.5,3.9,0.9733333333333333,0.010243938285880971,0.9708333333333333,0.9666666666666667,0.98125,0.9675,0.9799999999999999,0.0,0.0,0.0,0.0,0.0,0.0,0.0,0.0,0.2775327998628892,0.6,0.5163977794943222,1.0,0.0,1.0,0.3,0.9,0.31267376973365824,0.8318196702937638,0.0,0.0,0.0,0.0,0.0,0.0,0.0,0.0,0.2775327998628892,0.00625,0.001473139127471974,0.00625,0.005208333333333333,0.00703125,0.005416666666666667,0.007083333333333333,76.77675000000004,0.28833736750549893,76.83093750000003,76.5903125,76.99671875000003,76.60961875000002,76.93426562500005,6.3823032990161,0.013209033095302206,6.385417931234999,6.375085250531171,6.389422300912386,6.373956210480164,6.389560431024784,0.6122564397519454,0.006156831650137783,0.6120248924707994,0.6096618946176022,0.6155308578163385,0.6086340850911801,0.6156494733633008,0.792063492063492,0.08505922528744529,0.7952380952380952,0.7404761904761905,0.8357142857142857,0.7285714285714286,0.8492063492063493
DES,teaching_ablation,es_stdp_teacher_off,poisson_excitatory,10.0,1200.0,10,0.014895833333333334,0.002822982864469145,0.014583333333333334,0.0125,0.01640625,0.013333333333333332,0.016666666666666663,14.3,2.7100635498903793,14.0,12.0,15.75,12.8,16.0,0.8891666666666665,0.018023475775009245,0.8875,0.8833333333333333,0.9,0.8775000000000001,0.8991666666666667,0.0,0.0,0.0,0.0,0.0,0.0,0.0,0.0,0.2775327998628892,0.1,0.31622776601683794,0.0,0.0,0.0,0.0,0.3,0.017876213095072896,0.4041500267952385,0.0,0.0,0.0,0.0,0.0,0.0,0.0,0.0,0.2775327998628892,0.026979166666666665,0.004431676538788052,0.026041666666666668,0.02421875,0.030208333333333334,0.024270833333333332,0.029479166666666667,82.07075000000002,0.18122696213740144,82.06000000000003,81.89828125000003,82.21515625,81.96359375000002,82.17607031250003,6.671707252260477,0.008878990564982857,6.668521161342445,6.665788684055189,6.677183697508953,6.666782408015784,6.677085838223586,0.60775146195665,0.0043410272084701985,0.6056632968829945,0.6042564878589474,0.6108732103602961,0.6052396380098071,0.6104691636154894,0.12380952380952381,0.0,0.12380952380952381,0.12380952380952381,0.12380952380952381,0.12380952380952381,0.12380952380952381
DES,teaching_ablation,full_network,poisson_excitatory,10.0,1200.0,10,0.0,0.0,0.0,0.0,0.0,0.0,0.0,0.0,0.0,0.0,0.0,0.0,0.0,0.0,1.0,0.0,1.0,1.0,1.0,1.0,1.0,1.0,0.0,1.0,1.0,1.0,1.0,1.0,0.7224672001371107,0.9999999999999999,1.0,0.0,1.0,1.0,1.0,1.0,1.0,0.7224672001371107,0.9999999999999999,1.0,0.0,1.0,1.0,1.0,1.0,1.0,0.7224672001371107,0.9999999999999999,0.0,0.0,0.0,0.0,0.0,0.0,0.0,144.66218750000002,0.31629422313768835,144.6334375,144.48875000000004,144.83671875,144.48673906250002,144.85059375,11.499070516178298,0.022551343352420577,11.499399358939254,11.484103140269388,11.508839809196552,11.48728358456635,11.513271523653417,1.1789179798681289,0.00659865629853585,1.1783030944643542,1.177297732559964,1.1824639909318648,1.1747201547003352,1.1825916939164745,1.0,0.0,1.0,1.0,1.0,1.0,1.0
DES,teaching_ablation,teacher_assisted_then_off,poisson_excitatory,10.0,1200.0,10,0.0425,0.001756820922315766,0.041666666666666664,0.041666666666666664,0.04375,0.04145833333333333,0.043541666666666666,40.8,1.6865480854231356,40.0,40.0,42.0,40.0,41.8,0.7133333333333332,0.011249142628509231,0.7124999999999999,0.7020833333333333,0.725,0.7066666666666667,0.7199999999999999,0.0,0.0,0.0,0.0,0.0,0.0,0.0,0.0,0.2775327998628892,0.0,0.0,0.0,0.0,0.0,0.0,0.0,0.0,0.2775327998628892,0.0,0.0,0.0,0.0,0.0,0.0,0.0,0.0,0.2775327998628892,0.07354166666666664,0.002786444812185955,0.0734375,0.07213541666666666,0.07473958333333333,0.07197916666666666,0.07510416666666667,91.670875,0.2211727344683755,91.656875,91.51312500000002,91.7340625,91.55497968750001,91.8081359375,7.243805806686875,0.01320112799433593,7.242109466529135,7.23256226735494,7.251435452256599,7.236403480100933,7.25197569783693,0.6095174523070455,0.003985360464917765,0.6102719655027613,0.6070312604424544,0.6118469802895561,0.6073502335522789,0.6118858301284491,,,,,,,
DES,teaching_ablation,teacher_only,poisson_excitatory,10.0,1200.0,10,0.0,0.0,0.0,0.0,0.0,0.0,0.0,0.0,0.0,0.0,0.0,0.0,0.0,0.0,1.0,0.0,1.0,1.0,1.0,1.0,1.0,1.0,0.0,1.0,1.0,1.0,1.0,1.0,0.7224672001371107,0.9999999999999999,1.0,0.0,1.0,1.0,1.0,1.0,1.0,0.7224672001371107,0.9999999999999999,1.0,0.0,1.0,1.0,1.0,1.0,1.0,0.7224672001371107,0.9999999999999999,0.0,0.0,0.0,0.0,0.0,0.0,0.0,60.34125000000008,7.489778066296963e-15,60.34125000000009,60.34125000000009,60.34125000000009,60.34125000000008,60.34125000000008,6.039369253807957,9.362222582871203e-16,6.0393692538079575,6.0393692538079575,6.0393692538079575,6.039369253807957,6.039369253807957,1.1768173140473663,0.005885177368598849,1.1769202538998798,1.1740166825475171,1.1802142194355838,1.1731774170906284,1.18028846720641,1.0,0.0,1.0,1.0,1.0,1.0,1.0
DES,teaching_weight_sweep,teacher_assisted_then_off,poisson_excitatory,10.0,0.0,10,0.0140625,0.003446082159944307,0.0140625,0.01171875,0.015364583333333334,0.012291666666666666,0.016145833333333335,13.5,3.3082388735465345,13.5,11.25,14.75,11.6,15.5,0.8924999999999998,0.025594776666198756,0.8916666666666666,0.8833333333333333,0.9145833333333333,0.8766666666666666,0.9066666666666666,0.0,0.0,0.0,0.0,0.0,0.0,0.0,0.0,0.2775327998628892,0.1,0.31622776601683794,0.0,0.0,0.0,0.0,0.3,0.017876213095072896,0.4041500267952385,0.0,0.0,0.0,0.0,0.0,0.0,0.0,0.0,0.2775327998628892,0.026770833333333334,0.0034739578995224346,0.026041666666666668,0.02421875,0.027083333333333334,0.024895833333333332,0.029062499999999998,82.00275000000002,0.2904994800626442,81.9465625,81.82281250000004,82.22015625000003,81.84423281250001,82.16719843750002,6.6668292011451245,0.017983344701138392,6.664515927891352,6.655692444475298,6.675905676606678,6.656433280142148,6.6779944598342045,0.6105461095925421,0.002883324487911347,0.6101153224008158,0.6091385697945952,0.611019688542001,0.6090038221463328,0.6124843661754859,0.49523809523809526,0.0,0.49523809523809526,0.49523809523809526,0.49523809523809526,0.49523809523809526,0.49523809523809526
DES,teaching_weight_sweep,teacher_assisted_then_off,poisson_excitatory,10.0,300.0,10,0.019999999999999997,0.0029380827501814147,0.019791666666666666,0.017447916666666667,0.021354166666666667,0.018333333333333333,0.02177083333333333,19.2,2.820559440174157,19.0,16.75,20.5,17.6,20.9,0.8508333333333333,0.02203042228766484,0.85,0.84375,0.8708333333333333,0.8366666666666667,0.8633333333333333,0.0,0.0,0.0,0.0,0.0,0.0,0.0,0.0,0.2775327998628892,0.0,0.0,0.0,0.0,0.0,0.0,0.0,0.0,0.2775327998628892,0.0,0.0,0.0,0.0,0.0,0.0,0.0,0.0,0.2775327998628892,0.029895833333333333,0.0031075903937867293,0.030208333333333334,0.028125,0.030989583333333334,0.028229166666666666,0.031875,84.14618750000002,0.2631393421137494,84.15937500000004,83.96500000000002,84.32125000000005,83.98362031250004,84.30056562500005,6.802514557699072,0.01598260092671305,6.806303358235267,6.790637363031784,6.815128864915675,6.792678721917442,6.811336877026006,0.6126909715821967,0.00424026964953835,0.6114000785164535,0.6104783418704756,0.6128555524628609,0.6104603464296088,0.6154035172663861,,,,,,,
DES,teaching_weight_sweep,teacher_assisted_then_off,poisson_excitatory,10.0,600.0,10,0.02322916666666667,0.00264664430557771,0.023958333333333335,0.022135416666666664,0.023958333333333335,0.021666666666666664,0.024687500000000005,22.3,2.5407785333546005,23.0,21.25,23.0,20.8,23.8,0.8299999999999998,0.01808757844011079,0.8291666666666666,0.8166666666666667,0.8416666666666667,0.82,0.8408333333333333,0.0,0.0,0.0,0.0,0.0,0.0,0.0,0.0,0.2775327998628892,0.0,0.0,0.0,0.0,0.0,0.0,0.0,0.0,0.2775327998628892,0.0,0.0,0.0,0.0,0.0,0.0,0.0,0.0,0.2775327998628892,0.06135416666666667,0.0033104684545980628,0.06302083333333333,0.058854166666666666,0.06354166666666666,0.05927083333333334,0.063125,88.24249999999999,0.2528480137465097,88.2121875,88.07234375,88.39171875,88.095675,88.39744999999999,7.032080906895229,0.016225031511534187,7.0313441565502615,7.022468685555209,7.041420790055442,7.022967246091835,7.041898086133035,0.6113651719875633,0.00508796069588017,0.6091461824253201,0.6086208395427093,0.6137613410246558,0.6084171647013864,0.6143657067848836,,,,,,,
DES,teaching_weight_sweep,teacher_assisted_then_off,poisson_excitatory,10.0,900.0,10,0.043020833333333335,0.002988936002313519,0.042708333333333334,0.04088541666666667,0.04453125,0.04135416666666667,0.04489583333333333,41.3,2.869378562220979,41.0,39.25,42.75,39.7,43.0,0.7099999999999999,0.013494397557212354,0.7083333333333333,0.7020833333333333,0.7229166666666667,0.7016666666666665,0.7174999999999999,0.0,0.0,0.0,0.0,0.0,0.0,0.0,0.0,0.2775327998628892,0.0,0.0,0.0,0.0,0.0,0.0,0.0,0.0,0.2775327998628892,0.0,0.0,0.0,0.0,0.0,0.0,0.0,0.0,0.2775327998628892,0.07916666666666668,0.0043645156562418545,0.08020833333333334,0.07604166666666666,0.08125,0.0765625,0.08166666666666667,91.02293749999998,0.304833465748557,91.016875,90.78812499999998,91.24703125,90.85330937499998,91.19781562499999,7.191300499422924,0.018349678513572592,7.191341621170475,7.178915949088691,7.202622267486634,7.180699590226335,7.202477564538402,0.6115320560988039,0.006314402117229276,0.6079371704254299,0.6075140813481994,0.6144787839148194,0.6081977357383584,0.6154527585901087,,,,,,,
DES,teaching_weight_sweep,teacher_assisted_then_off,poisson_excitatory,10.0,1200.0,10,0.043020833333333335,0.0029483235715769152,0.0421875,0.04088541666666667,0.044270833333333336,0.04145833333333333,0.044895833333333336,41.3,2.8303906287138374,40.5,39.25,42.5,39.8,43.1,0.7125,0.018941919023591478,0.7166666666666667,0.7020833333333333,0.725,0.7008333333333333,0.7233333333333334,0.0,0.0,0.0,0.0,0.0,0.0,0.0,0.0,0.2775327998628892,0.0,0.0,0.0,0.0,0.0,0.0,0.0,0.0,0.2775327998628892,0.0,0.0,0.0,0.0,0.0,0.0,0.0,0.0,0.2775327998628892,0.0725,0.003995319406567369,0.07239583333333333,0.06979166666666667,0.07291666666666667,0.07031250000000001,0.075,91.7325625,0.33702750490502226,91.65406250000001,91.548125,91.89218750000003,91.54135468749999,91.93134218750001,7.244345549185961,0.020175754797002725,7.240779540982995,7.233856900640523,7.252459972367032,7.232597674274099,7.25708476018591,0.6105691946577281,0.004874520495258987,0.6093771554296836,0.6077135841478594,0.6116015709703788,0.6079955870175036,0.6137725384510122,,,,,,,
ECIES,teaching_ablation,default_stdp_teacher_off,poisson_excitatory,10.0,1200.0,10,0.0590909090909091,0.001608162725129865,0.059343434343434344,0.05823863636363637,0.059343434343434344,0.058143939393939394,0.0601010101010101,93.6,2.5473297566057065,94.0,92.25,94.0,92.1,95.2,0.6414141414141413,0.01166364180181061,0.6414141414141414,0.6376262626262627,0.6452020202020201,0.6348484848484848,0.647979797979798,0.0,0.0,0.0,0.0,0.0,0.0,0.0,0.0,0.2775327998628892,0.0,0.0,0.0,0.0,0.0,0.0,0.0,0.0,0.2775327998628892,0.0,0.0,0.0,0.0,0.0,0.0,0.0,0.0,0.2775327998628892,0.11218434343434344,0.001929841164665047,0.11237373737373738,0.11047979797979798,0.11363636363636363,0.11098484848484849,0.11325757575757575,148.9679375,0.04726922191320064,148.96343750000003,148.92749999999995,148.99906250000004,148.94037187499998,148.99694375,9.444492780417015,0.0011829955645120856,9.444573527659292,9.443534548849318,9.445237815059038,9.443819142703056,9.445192493259919,1.0125339718069881,0.005808027001575272,1.0136974540073425,1.00973969505867,1.0164764961227775,1.0089882775302976,1.0158133199863368,,,,,,,
ECIES,teaching_ablation,es_static_teacher_off,poisson_excitatory,10.0,1200.0,10,0.0025252525252525255,0.0013958858545266835,0.001893939393939394,0.0014204545454545455,0.0034722222222222225,0.001767676767676768,0.0033459595959595967,4.0,2.211083193570267,3.0,2.25,5.5,2.8,5.3,0.9803030303030302,0.010766516468228635,0.9848484848484849,0.976010101010101,0.9886363636363636,0.9742424242424242,0.9863636363636363,0.0,0.0,0.0,0.0,0.0,0.0,0.0,0.0,0.2775327998628892,0.0,0.0,0.0,0.0,0.0,0.0,0.0,0.0,0.2775327998628892,0.0,0.0,0.0,0.0,0.0,0.0,0.0,0.0,0.2775327998628892,0.005681818181818182,0.003078438307728913,0.004734848484848485,0.003787878787878788,0.007733585858585859,0.003914141414141414,0.007512626262626262,126.34312500000007,0.5622163636744635,126.27406250000014,126.04453125000006,126.81390625000003,126.01595000000007,126.66672500000006,8.183165848673813,0.026167340719264857,8.180635926899857,8.168452621200629,8.201008016481417,8.167820273326333,8.198347380144545,1.0154158385936172,0.010048418694981236,1.0163088788976893,1.0096377212903462,1.019385377294384,1.0097055984346661,1.021527581239352,,,,,,,
ECIES,teaching_ablation,es_stdp_teacher_off,poisson_excitatory,10.0,1200.0,10,0.00441919191919192,0.0013637922345134386,0.004419191919191919,0.0033143939393939395,0.005366161616161616,0.0035984848484848487,0.005241477272727265,7.0,2.160246899469287,7.0,5.25,8.5,5.8,8.2,0.9651515151515152,0.009945491910937302,0.9646464646464646,0.9570707070707071,0.9734848484848484,0.9595959595959597,0.9712121212121211,0.0,0.0,0.0,0.0,0.0,0.0,0.0,0.0,0.2775327998628892,0.0,0.0,0.0,0.0,0.0,0.0,0.0,0.0,0.2775327998628892,0.0,0.0,0.0,0.0,0.0,0.0,0.0,0.0,0.2775327998628892,0.008017676767676767,0.0020413542614104,0.007575757575757576,0.006470959595959596,0.009311868686868688,0.006881313131313131,0.009217171717171718,136.92818750000004,0.36601343919805174,136.98468750000004,136.65171875000007,137.17625000000004,136.72381250000007,137.1380078125,8.666305857131636,0.019643707027628732,8.665474798883906,8.6517373780176,8.676130885914434,8.654862743006376,8.677023496466381,1.0037892527878285,0.0055101611242724564,1.0042853800114244,0.9996875186916441,1.0073112942627631,1.0004456361674237,1.0069148252432933,,,,,,,
ECIES,teaching_ablation,full_network,poisson_excitatory,10.0,1200.0,10,0.0,0.0,0.0,0.0,0.0,0.0,0.0,0.0,0.0,0.0,0.0,0.0,0.0,0.0,1.0,0.0,1.0,1.0,1.0,1.0,1.0,1.0,0.0,1.0,1.0,1.0,1.0,1.0,0.7224672001371107,0.9999999999999999,1.0,0.0,1.0,1.0,1.0,1.0,1.0,0.7224672001371107,0.9999999999999999,1.0,0.0,1.0,1.0,1.0,1.0,1.0,0.7224672001371107,0.9999999999999999,0.0,0.0,0.0,0.0,0.0,0.0,0.0,260.70499999999976,0.37030228830270623,260.7631249999997,260.39828124999974,260.96093749999983,260.4894531249997,260.91776093749974,15.836300797029372,0.016593428089617886,15.834168139346025,15.824341786909617,15.842005190305903,15.826579767912987,15.846765060891473,1.944801003811881,0.007512744445323661,1.9425099604995921,1.9412996748578735,1.9485620360355824,1.9406074197718408,1.949461271875771,1.0,0.0,1.0,1.0,1.0,1.0,1.0
ECIES,teaching_ablation,teacher_assisted_then_off,poisson_excitatory,10.0,1200.0,10,0.013005050505050506,0.0029641105827708774,0.012941919191919192,0.011994949494949494,0.014204545454545454,0.01130050505050505,0.014772727272727274,20.6,4.695151163109069,20.5,19.0,22.5,17.8,23.3,0.8999999999999998,0.022935200492830154,0.904040404040404,0.8901515151515151,0.9090909090909091,0.8863636363636364,0.9131313131313131,0.0,0.0,0.0,0.0,0.0,0.0,0.0,0.0,0.2775327998628892,0.0,0.0,0.0,0.0,0.0,0.0,0.0,0.0,0.2775327998628892,0.0,0.0,0.0,0.0,0.0,0.0,0.0,0.0,0.2775327998628892,0.02361111111111111,0.004456114792109907,0.02462121212121212,0.019886363636363636,0.026357323232323232,0.021084280303030303,0.026136363636363635,156.30856250000002,0.4853102574713883,156.42906250000004,155.98187499999997,156.68421875000007,156.01842812500004,156.59396875,9.619206134405916,0.023985536005880673,9.61598264563415,9.602181025512277,9.63876050030629,9.605106059130398,9.633568855914252,1.0105229340028017,0.008260599581170681,1.0085639919852838,1.0038150377222337,1.017648528679274,1.0057983340602368,1.0156636170332787,,,,,,,
ECIES,teaching_ablation,teacher_only,poisson_excitatory,10.0,1200.0,10,0.0,0.0,0.0,0.0,0.0,0.0,0.0,0.0,0.0,0.0,0.0,0.0,0.0,0.0,1.0,0.0,1.0,1.0,1.0,1.0,1.0,1.0,0.0,1.0,1.0,1.0,1.0,1.0,0.7224672001371107,0.9999999999999999,1.0,0.0,1.0,1.0,1.0,1.0,1.0,0.7224672001371107,0.9999999999999999,1.0,0.0,1.0,1.0,1.0,1.0,1.0,0.7224672001371107,0.9999999999999999,0.0,0.0,0.0,0.0,0.0,0.0,0.0,99.4731250000001,0.0,99.4731250000001,99.4731250000001,99.4731250000001,99.4731250000001,99.4731250000001,7.742728655210842,9.362222582871203e-16,7.742728655210841,7.742728655210841,7.742728655210841,7.742728655210842,7.742728655210842,1.9426531054545193,0.013986252796767046,1.9447482909308746,1.935675772081595,1.9488965949858539,1.9337899950181598,1.9502692595269764,1.0,0.0,1.0,1.0,1.0,1.0,1.0
ECIES,teaching_weight_sweep,teacher_assisted_then_off,poisson_excitatory,10.0,0.0,10,0.003535353535353535,0.0010812485335576708,0.003472222222222222,0.002683080808080808,0.004261363636363636,0.0029671717171717168,0.004166666666666667,5.6,1.7126976771553504,5.5,4.25,6.75,4.6,6.6,0.9722222222222221,0.00833290819580107,0.9722222222222222,0.9696969696969697,0.9785353535353535,0.9671717171717173,0.9767676767676768,0.0,0.0,0.0,0.0,0.0,0.0,0.0,0.0,0.2775327998628892,0.0,0.0,0.0,0.0,0.0,0.0,0.0,0.0,0.2775327998628892,0.0,0.0,0.0,0.0,0.0,0.0,0.0,0.0,0.2775327998628892,0.007070707070707072,0.00178065621223116,0.007575757575757576,0.005839646464646465,0.008207070707070708,0.005997474747474747,0.008017676767676769,136.84250000000006,0.2804463827741678,136.7684375,136.63796875000008,137.10390625000008,136.68167656250006,137.00447812500005,8.661591701298125,0.013448093043768,8.660252586787246,8.651206777949888,8.673679748752193,8.653625246983855,8.66909146952668,1.007505129952915,0.007699636200197335,1.0083854621043429,1.001601421565283,1.0101637855404988,1.0029079840559278,1.0119237463275204,,,,,,,
ECIES,teaching_weight_sweep,teacher_assisted_then_off,poisson_excitatory,10.0,300.0,10,0.055429292929292925,0.0026585204877699925,0.054924242424242424,0.05366161616161616,0.05808080808080808,0.05378787878787879,0.05694444444444444,87.8,4.211096452627668,87.0,85.0,92.0,85.2,90.2,0.652020202020202,0.016910604718986786,0.648989898989899,0.6363636363636364,0.6616161616161615,0.6429292929292929,0.6626262626262627,0.0,0.0,0.0,0.0,0.0,0.0,0.0,0.0,0.2775327998628892,0.0,0.0,0.0,0.0,0.0,0.0,0.0,0.0,0.2775327998628892,0.0,0.0,0.0,0.0,0.0,0.0,0.0,0.0,0.2775327998628892,0.09734848484848486,0.0034808203919419753,0.09595959595959597,0.09485479797979798,0.10085227272727272,0.09532828282828282,0.09943181818181819,149.71256250000002,0.3357365775115335,149.74843750000002,149.46156250000007,149.95265625,149.5134984375,149.9145828125,9.202747889265353,0.015318717807224113,9.200893428189545,9.192169674540636,9.21681985168637,9.193936338545743,9.211893841600324,1.009085494861938,0.007888084528208302,1.0104640604695305,1.0033433329081163,1.0147361737908795,1.004415832508821,1.0135347112437012,,,,,,,
ECIES,teaching_weight_sweep,teacher_assisted_then_off,poisson_excitatory,10.0,600.0,10,0.025252525252525256,0.0024899325686446204,0.025252525252525252,0.024147727272727272,0.02683080808080808,0.02380050505050505,0.026830808080808084,40.0,3.9440531887330774,40.0,38.25,42.5,37.7,42.3,0.82020202020202,0.011467600246415084,0.8181818181818181,0.8131313131313131,0.8232323232323232,0.8136363636363637,0.8277777777777777,0.0,0.0,0.0,0.0,0.0,0.0,0.0,0.0,0.2775327998628892,0.0,0.0,0.0,0.0,0.0,0.0,0.0,0.0,0.2775327998628892,0.0,0.0,0.0,0.0,0.0,0.0,0.0,0.0,0.2775327998628892,0.05953282828282828,0.0028083777770123303,0.06029040404040404,0.057133838383838384,0.061079545454545456,0.057891414141414146,0.06123895202020202,153.2481249999999,0.2545084791754921,153.1643749999999,153.10734374999993,153.23687499999988,153.13187499999992,153.40746874999994,9.397133725163275,0.013384827273886282,9.393125831697775,9.389058410900738,9.396293326854376,9.390574092795722,9.406063240673635,1.0089823795249686,0.006320887688811861,1.0063980675768107,1.0046921743196435,1.0145869084517471,1.005493336955551,1.0128789387934376,,,,,,,
ECIES,teaching_weight_sweep,teacher_assisted_then_off,poisson_excitatory,10.0,900.0,10,0.008585858585858586,0.0021909789705084797,0.008207070707070708,0.007102272727272727,0.00946969696969697,0.0073232323232323236,0.009911616161616161,13.6,3.470510689285432,13.0,11.25,15.0,11.6,15.8,0.9348484848484848,0.016050756143505766,0.9368686868686869,0.9305555555555556,0.9431818181818181,0.9242424242424242,0.943939393939394,0.0,0.0,0.0,0.0,0.0,0.0,0.0,0.0,0.2775327998628892,0.0,0.0,0.0,0.0,0.0,0.0,0.0,0.0,0.2775327998628892,0.0,0.0,0.0,0.0,0.0,0.0,0.0,0.0,0.2775327998628892,0.01994949494949495,0.003905306636249847,0.019570707070707072,0.017676767676767676,0.02241161616161616,0.01767676767676768,0.022222222222222223,154.43712499999995,0.31615559087080597,154.51874999999993,154.22296874999995,154.69749999999993,154.24562499999996,154.60857499999992,9.50533669218066,0.01645364751318867,9.508694337002261,9.491443650547925,9.518686829303407,9.495157663470668,9.515154964364985,1.0081548865884542,0.0074594768397600675,1.0091013305354863,1.0056437382590957,1.0098241362138651,1.0036700233106968,1.012462547328323,,,,,,,
ECIES,teaching_weight_sweep,teacher_assisted_then_off,poisson_excitatory,10.0,1200.0,10,0.012184343434343435,0.0018833881174465023,0.01231060606060606,0.011363636363636364,0.013573232323232322,0.010984848484848484,0.01325757575757576,19.3,2.9832867780352594,19.5,18.0,21.5,17.597500000000007,21.0,0.904040404040404,0.01542954779446412,0.9065656565656566,0.8914141414141414,0.9128787878787878,0.8949494949494949,0.913131313131313,0.0,0.0,0.0,0.0,0.0,0.0,0.0,0.0,0.2775327998628892,0.0,0.0,0.0,0.0,0.0,0.0,0.0,0.0,0.2775327998628892,0.0,0.0,0.0,0.0,0.0,0.0,0.0,0.0,0.2775327998628892,0.023106060606060602,0.0029641105827708765,0.022095959595959596,0.020833333333333332,0.024936868686868688,0.021464646464646464,0.024999999999999998,156.48575,0.32395515807659,156.45218749999995,156.25515625000008,156.69109374999996,156.29425,156.6782578125,9.62796373954636,0.01849671684266734,9.624228588308311,9.614411629664328,9.641009703263066,9.617257356354164,9.638556785329566,1.0111876512179152,0.003342714314299072,1.011104004108347,1.0100636530551128,1.0137307645054534,1.0090221157477937,1.0131191598100122,,,,,,,
RSA,teaching_ablation,default_stdp_teacher_off,poisson_excitatory,10.0,1200.0,10,0.02705078125,0.00047172450345668744,0.027099609375,0.02685546875,0.02734375,0.0267578125,0.027294921875,55.4,0.9660917830792959,55.5,55.0,56.0,54.8,55.9,0.799609375,0.0032159086029240804,0.798828125,0.796875,0.80078125,0.79765625,0.8015625,0.0,0.0,0.0,0.0,0.0,0.0,0.0,0.0,0.2775327998628892,0.0,0.0,0.0,0.0,0.0,0.0,0.0,0.0,0.2775327998628892,0.0,0.0,0.0,0.0,0.0,0.0,0.0,0.0,0.2775327998628892,0.0603515625,0.0005731385697154625,0.060302734375,0.06005859375,0.0609130859375,0.060009765625,0.060693359375,195.7029374999998,0.06949286159381829,195.69499999999982,195.68046874999976,195.74671874999973,195.66180468749977,195.74343906249976,10.787668379549475,0.001743665915615047,10.787545948436794,10.787198320952186,10.788662896425658,10.786524847906943,10.788605026308606,1.3092980177374556,0.010228155495259269,1.3079826195025817,1.3027288995217532,1.3167044078581966,1.303236013763817,1.3151602659985655,,,,,,,
RSA,teaching_ablation,es_static_teacher_off,poisson_excitatory,10.0,1200.0,10,0.00263671875,0.0007703228884244292,0.00244140625,0.0020751953125,0.0032958984375,0.002197265625,0.003125,5.4,1.577621275493231,5.0,4.25,6.75,4.597500000000004,6.302499999999986,0.97890625,0.006162583107395434,0.98046875,0.9736328125,0.9833984375,0.975390625,0.982421875,0.0,0.0,0.0,0.0,0.0,0.0,0.0,0.0,0.2775327998628892,0.0,0.0,0.0,0.0,0.0,0.0,0.0,0.0,0.2775327998628892,0.0,0.0,0.0,0.0,0.0,0.0,0.0,0.0,0.2775327998628892,0.00517578125,0.0011554843326366437,0.00537109375,0.0050048828125,0.005859375,0.004443359375,0.005810546875,165.44118750000007,0.41572324966554897,165.41281250000003,165.3117187500001,165.5303125000001,165.19997187500002,165.66231718750007,9.344367881281281,0.014066798658594146,9.34556952777723,9.338025692210069,9.347032360620062,9.335554254462062,9.352217761811911,1.306689854664728,0.006989791868176224,1.3047354349400848,1.3020884552970529,1.3112656304147094,1.3028412618703442,1.31092576854513,,,,,,,
RSA,teaching_ablation,es_stdp_teacher_off,poisson_excitatory,10.0,1200.0,10,0.02529296875,0.0014881678972216749,0.025390625,0.024169921875,0.0257568359375,0.0244140625,0.026171875,51.8,3.04776785350999,52.0,49.5,52.75,50.1,53.6,0.8125,0.010085894130748481,0.814453125,0.806640625,0.8193359375,0.806640625,0.818359375,0.0,0.0,0.0,0.0,0.0,0.0,0.0,0.0,0.2775327998628892,0.0,0.0,0.0,0.0,0.0,0.0,0.0,0.0,0.2775327998628892,0.0,0.0,0.0,0.0,0.0,0.0,0.0,0.0,0.2775327998628892,0.053955078125,0.002783631408933442,0.053466796875,0.0516357421875,0.055908203125,0.05234375,0.05556640625,185.05399999999997,0.3739912589961976,185.03968749999996,184.77,185.23125,184.85314687499996,185.2776296875,10.139047263676446,0.01427845321289969,10.138214316080141,10.129264492902635,10.14853052048206,10.1307570622001,10.14741425958472,1.3079036864219233,0.00826482224350744,1.3072019340470433,1.3042366950539872,1.309505287092179,1.3032448444108014,1.3130051220097811,,,,,,,
RSA,teaching_ablation,full_network,poisson_excitatory,10.0,1200.0,10,9.765625e-05,0.00020587745183387889,0.0,0.0,0.0,0.0,0.000244140625,0.2,0.42163702135578396,0.0,0.0,0.0,0.0,0.5,0.99921875,0.0016470196146710309,1.0,1.0,1.0,0.998046875,1.0,0.8,0.42163702135578396,1.0,1.0,1.0,0.5,1.0,0.49016247153664183,0.9433178485456247,0.8,0.42163702135578396,1.0,1.0,1.0,0.5,1.0,0.49016247153664183,0.9433178485456247,0.8,0.42163702135578396,1.0,1.0,1.0,0.5,1.0,0.49016247153664183,0.9433178485456247,9.765625e-05,0.00020587745183387889,0.0,0.0,0.0,0.0,0.000244140625,345.4579999999997,0.5003083077241415,345.47437499999967,345.1996874999995,345.68031249999973,345.15999999999974,345.74838749999964,18.31283306885458,0.0253053515245734,18.315027070045755,18.301076306587582,18.321898594894616,18.297806846877183,18.32710311449249,2.5241309845121576,0.015262614197998452,2.5280928895808756,2.5143351261503994,2.5352188018732704,2.5151155397982805,2.5322689052968053,1.0,0.0,1.0,1.0,1.0,1.0,1.0
RSA,teaching_ablation,teacher_assisted_then_off,poisson_excitatory,10.0,1200.0,10,0.035009765625,0.0019126946022685661,0.03515625,0.0333251953125,0.0355224609375,0.033935546875,0.0361328125,71.7,3.9171985454460234,72.0,68.25,72.75,69.6,74.1,0.759375,0.011079191346970128,0.755859375,0.7509765625,0.76953125,0.753125,0.765625,0.0,0.0,0.0,0.0,0.0,0.0,0.0,0.0,0.2775327998628892,0.0,0.0,0.0,0.0,0.0,0.0,0.0,0.0,0.2775327998628892,0.0,0.0,0.0,0.0,0.0,0.0,0.0,0.0,0.2775327998628892,0.0689453125,0.0022529240199216506,0.068603515625,0.0670166015625,0.0706787109375,0.06767578125,0.0703125,212.28649999999988,0.3020335016370332,212.3234374999999,212.04124999999988,212.56109374999988,212.10833124999988,212.4596781249999,11.42597145759827,0.01322151830211115,11.42689977409476,11.412974178084392,11.438648594818268,11.418508958821167,11.43378486843676,1.3100962409982457,0.008428389397533417,1.3114710764493793,1.3049171124584973,1.3156531663262285,1.304816602311912,1.3151203435641945,,,,,,,
RSA,teaching_ablation,teacher_only,poisson_excitatory,10.0,1200.0,10,0.0,0.0,0.0,0.0,0.0,0.0,0.0,0.0,0.0,0.0,0.0,0.0,0.0,0.0,1.0,0.0,1.0,1.0,1.0,1.0,1.0,1.0,0.0,1.0,1.0,1.0,1.0,1.0,0.7224672001371107,0.9999999999999999,1.0,0.0,1.0,1.0,1.0,1.0,1.0,0.7224672001371107,0.9999999999999999,1.0,0.0,1.0,1.0,1.0,1.0,1.0,0.7224672001371107,0.9999999999999999,0.0,0.0,0.0,0.0,0.0,0.0,0.0,130.5175,2.995911226518785e-14,130.51750000000004,130.51750000000004,130.51750000000004,130.5175,130.5175,8.858462561522744,0.0,8.858462561522744,8.858462561522744,8.858462561522744,8.858462561522744,8.858462561522744,2.5259654546156525,0.01998692953573953,2.5271122159902006,2.5145459990017116,2.5444045872427523,2.514015551741468,2.536769045063993,1.0,0.0,1.0,1.0,1.0,1.0,1.0
RSA,teaching_weight_sweep,teacher_assisted_then_off,poisson_excitatory,10.0,0.0,10,0.026611328125,0.0024168688810087074,0.02734375,0.02490234375,0.0283203125,0.025146484375,0.027880859375,54.5,4.949747468305833,56.0,51.0,58.0,51.6,57.2,0.8015625,0.014823176532039278,0.796875,0.7939453125,0.8095703125,0.793359375,0.81015625,0.0,0.0,0.0,0.0,0.0,0.0,0.0,0.0,0.2775327998628892,0.0,0.0,0.0,0.0,0.0,0.0,0.0,0.0,0.2775327998628892,0.0,0.0,0.0,0.0,0.0,0.0,0.0,0.0,0.2775327998628892,0.054833984375,0.0026550409894079223,0.0556640625,0.0535888671875,0.0565185546875,0.05322265625,0.056298828125,184.93243749999993,0.5248116767060077,185.14218749999998,184.48734374999992,185.28062499999987,184.61724531249996,185.22626874999997,10.132257237344447,0.02275150835203575,10.143616613813382,10.113286302556055,10.148162602679276,10.118763007666047,10.145102326129871,1.3088550466578455,0.007160080512224247,1.3093004294205457,1.3040151766035706,1.3125204998650588,1.304425441766507,1.313354379661032,,,,,,,
RSA,teaching_weight_sweep,teacher_assisted_then_off,poisson_excitatory,10.0,300.0,10,0.033544921875,0.001561991290886729,0.03369140625,0.0323486328125,0.0345458984375,0.032568359375,0.03447265625,68.7,3.198958163736021,69.0,66.25,70.75,66.8,70.6,0.76015625,0.013556682380021218,0.759765625,0.7509765625,0.76953125,0.751953125,0.767578125,0.0,0.0,0.0,0.0,0.0,0.0,0.0,0.0,0.2775327998628892,0.0,0.0,0.0,0.0,0.0,0.0,0.0,0.0,0.2775327998628892,0.0,0.0,0.0,0.0,0.0,0.0,0.0,0.0,0.2775327998628892,0.07412109375,0.0018385444331305908,0.074462890625,0.072998046875,0.07568359375,0.072947998046875,0.075146484375,197.49324999999993,0.29879427844808626,197.47093749999988,197.3225,197.5748437499999,197.32437187499997,197.67682812499993,10.647531897171003,0.011867070040860546,10.646802850859368,10.640215615577098,10.650107912156251,10.641007139976608,10.654879992593449,1.3063079800689592,0.00881768566515091,1.3068431770661846,1.301339345111046,1.3119734145584516,1.3010233077651356,1.311298267202801,,,,,,,
RSA,teaching_weight_sweep,teacher_assisted_then_off,poisson_excitatory,10.0,600.0,10,0.012939453125,0.0018593196059238058,0.01318359375,0.0113525390625,0.0145263671875,0.0119140625,0.014013671875,26.5,3.8078865529319543,27.0,23.25,29.75,24.2,28.7,0.900390625,0.01498810473075695,0.900390625,0.890625,0.912109375,0.89140625,0.908984375,0.0,0.0,0.0,0.0,0.0,0.0,0.0,0.0,0.2775327998628892,0.0,0.0,0.0,0.0,0.0,0.0,0.0,0.0,0.2775327998628892,0.0,0.0,0.0,0.0,0.0,0.0,0.0,0.0,0.2775327998628892,0.029248046875,0.0029065383166518494,0.029541015625,0.0272216796875,0.03173828125,0.027587890625,0.03095703125,200.4008125,0.4990905835519708,200.339375,200.24171875,200.69140624999994,200.11468593750004,200.68233281250002,10.848266862445149,0.019628397659519722,10.847886276605482,10.83968129489751,10.860218322689134,10.836447370094602,10.859658230705891,1.2995032309787349,0.006270044444356058,1.2982256308896467,1.297163478739094,1.2995109666953795,1.2961493819206953,1.3036121559073217,,,,,,,
RSA,teaching_weight_sweep,teacher_assisted_then_off,poisson_excitatory,10.0,900.0,10,0.01533203125,0.002523573885848217,0.014892578125,0.013671875,0.0177001953125,0.0138671875,0.016845703125,31.4,5.168279318217149,30.5,28.0,36.25,28.4,34.3,0.881640625,0.018873472217878398,0.884765625,0.865234375,0.8935546875,0.869921875,0.89296875,0.0,0.0,0.0,0.0,0.0,0.0,0.0,0.0,0.2775327998628892,0.0,0.0,0.0,0.0,0.0,0.0,0.0,0.0,0.2775327998628892,0.0,0.0,0.0,0.0,0.0,0.0,0.0,0.0,0.2775327998628892,0.02333984375,0.003931935949004593,0.0234375,0.0201416015625,0.0247802734375,0.021092529296875002,0.025830078125,204.44812500000003,0.5668343808184502,204.299375,204.13171874999992,204.70343750000006,204.147734375,204.78812968750006,11.11121821616684,0.02607979434793296,11.10527264179832,11.097702673056322,11.11873857071549,11.097488163388798,11.12693567058481,1.3098622585413977,0.005408464187183352,1.3100490169599652,1.3062635597307235,1.3136121302377433,1.3065428584150505,1.3130771882424597,,,,,,,
RSA,teaching_weight_sweep,teacher_assisted_then_off,poisson_excitatory,10.0,1200.0,10,0.0349609375,0.0022458578529505648,0.03466796875,0.0338134765625,0.0369873046875,0.033642578125,0.036279296875,71.6,4.599516882842757,71.0,69.25,75.75,68.9975,74.2,0.76328125,0.014405538214520137,0.763671875,0.75,0.76953125,0.755078125,0.772265625,0.0,0.0,0.0,0.0,0.0,0.0,0.0,0.0,0.2775327998628892,0.0,0.0,0.0,0.0,0.0,0.0,0.0,0.0,0.2775327998628892,0.0,0.0,0.0,0.0,0.0,0.0,0.0,0.0,0.2775327998628892,0.0689453125,0.0029006079960866493,0.069091796875,0.06640625,0.0716552734375,0.067235107421875,0.07060546875,212.39124999999984,0.45310684829539266,212.5459374999999,212.07765624999996,212.7360937499998,212.1162484374999,212.64601093749982,11.42760309974636,0.02136911734566977,11.428592215058654,11.41364293806535,11.441784697450553,11.415473471090063,11.439430012362097,1.307350110495463,0.004648014252844456,1.3075594825204462,1.3051471067592502,1.310250591894146,1.3045237207243918,1.3100686685479013,,,,,,,
S-DES,teaching_ablation,default_stdp_teacher_off,poisson_excitatory,10.0,1200.0,10,0.06142857142857142,0.0017923158397835258,0.060714285714285714,0.05982142857142857,0.0630952380952381,0.060476190476190475,0.0625,51.6,1.505545305418162,51.0,50.25,53.0,50.7,52.5,0.6199999999999999,0.012254132740075375,0.6142857142857143,0.6095238095238096,0.6285714285714286,0.6133333333333333,0.6276190476190475,0.0,0.0,0.0,0.0,0.0,0.0,0.0,0.0,0.2775327998628892,1.0,0.0,1.0,1.0,1.0,1.0,1.0,0.7224672001371107,0.9999999999999999,0.0,0.0,0.0,0.0,0.0,0.0,0.0,0.0,0.2775327998628892,0.07333333333333333,0.002872533503310139,0.07261904761904762,0.07053571428571428,0.0761904761904762,0.07166666666666666,0.07511904761904761,75.44193750000004,0.07471964382684827,75.43312500000003,75.37765625000006,75.49937500000006,75.39561093750004,75.48425156250005,6.638303308456085,0.0033613306534065585,6.6378427443391015,6.636338806605489,6.640100510428265,6.636294349525631,6.640295593862857,0.5345611677039415,0.004027830178762866,0.5343792825005949,0.5322825063485652,0.5352297572535463,0.5324043741874629,0.5371964407659834,0.6199999999999999,0.012254132740075375,0.6142857142857143,0.6095238095238096,0.6285714285714286,0.6133333333333333,0.6276190476190475
S-DES,teaching_ablation,es_static_teacher_off,poisson_excitatory,10.0,1200.0,10,0.002619047619047619,0.0014634197551258552,0.002380952380952381,0.0011904761904761906,0.0035714285714285713,0.0017857142857142859,0.0034523809523809524,2.2,1.2292725943057183,2.0,1.0,3.0,1.5,3.0,0.9790476190476192,0.011707358041006847,0.9809523809523809,0.9714285714285714,0.9904761904761905,0.9723809523809525,0.9857142857142858,0.0,0.0,0.0,0.0,0.0,0.0,0.0,0.0,0.2775327998628892,1.0,0.0,1.0,1.0,1.0,1.0,1.0,0.7224672001371107,0.9999999999999999,0.0,0.0,0.0,0.0,0.0,0.0,0.0,0.0,0.2775327998628892,0.004642857142857143,0.001814147531851184,0.004761904761904762,0.003869047619047619,0.005952380952380952,0.0035714285714285713,0.005714285714285713,65.44150000000002,0.48056852904774233,65.47218750000002,65.11125000000001,65.59156250000001,65.17676875000001,65.7218796875,5.870994364359927,0.0242493946121849,5.869740501131693,5.852605462463912,5.879069710697666,5.85734163193067,5.886028878813384,0.5346413642168045,0.0038595797342930722,0.5341496330220252,0.5327347071142867,0.5367360467207618,0.532313303584815,0.5370224981597858,0.9790476190476192,0.011707358041006847,0.9809523809523809,0.9714285714285714,0.9904761904761905,0.9723809523809525,0.9857142857142858
S-DES,teaching_ablation,es_stdp_teacher_off,poisson_excitatory,10.0,1200.0,10,0.005952380952380953,0.00209980262782904,0.006547619047619047,0.004166666666666667,0.007142857142857143,0.0047619047619047615,0.007142857142857143,5.0,1.7638342073763937,5.5,3.5,6.0,3.9,6.0,0.9523809523809523,0.01679842102263231,0.9476190476190476,0.9428571428571428,0.9666666666666667,0.9438095238095239,0.9619285714285712,0.0,0.0,0.0,0.0,0.0,0.0,0.0,0.0,0.2775327998628892,1.0,0.0,1.0,1.0,1.0,1.0,1.0,0.7224672001371107,0.9999999999999999,0.0,0.0,0.0,0.0,0.0,0.0,0.0,0.0,0.2775327998628892,0.012380952380952381,0.003032535424530603,0.0125,0.010714285714285714,0.014285714285714285,0.010592261904761908,0.014166666666666666,72.2505,0.2692603036303593,72.23062500000003,72.18515625,72.38500000000002,72.1032421875,72.4107125,6.241164900874966,0.015306795020749072,6.24059121604658,6.234565194002235,6.244636526882117,6.232406523588403,6.2506062508587465,0.5339263363042847,0.0038739571746011503,0.53431948996149,0.532130415958818,0.5354966898448765,0.5317373038927327,0.5361231781431707,0.9523809523809523,0.01679842102263231,0.9476190476190476,0.9428571428571428,0.9666666666666667,0.9428571428571428,0.9628571428571429
S-DES,teaching_ablation,full_network,poisson_excitatory,10.0,1200.0,10,0.0,0.0,0.0,0.0,0.0,0.0,0.0,0.0,0.0,0.0,0.0,0.0,0.0,0.0,1.0,0.0,1.0,1.0,1.0,1.0,1.0,1.0,0.0,1.0,1.0,1.0,1.0,1.0,0.7224672001371107,0.9999999999999999,1.0,0.0,1.0,1.0,1.0,1.0,1.0,0.7224672001371107,0.9999999999999999,1.0,0.0,1.0,1.0,1.0,1.0,1.0,0.7224672001371107,0.9999999999999999,0.0,0.0,0.0,0.0,0.0,0.0,0.0,129.51493749999995,0.3783721586631167,129.4634375,129.25343749999996,129.69171875,129.3088546875,129.7639578125,10.748095770499736,0.02677974026263582,10.744844710776768,10.730198462767255,10.761314529635097,10.73319851367672,10.76496588967546,1.0279906042851508,0.00698311657939353,1.0252801958704367,1.0224146737600677,1.0310755155514926,1.0241092889761785,1.0323431443190203,1.0,0.0,1.0,1.0,1.0,1.0,1.0
S-DES,teaching_ablation,teacher_assisted_then_off,poisson_excitatory,10.0,1200.0,10,0.02261904761904762,0.00363696483726654,0.023214285714285715,0.020535714285714286,0.025,0.02035714285714286,0.024642857142857143,19.0,3.0550504633038935,19.5,17.25,21.0,17.2,20.8,0.8323809523809524,0.0291649119437609,0.8333333333333333,0.8119047619047619,0.8523809523809525,0.8152380952380952,0.8504761904761905,0.0,0.0,0.0,0.0,0.0,0.0,0.0,0.0,0.2775327998628892,1.0,0.0,1.0,1.0,1.0,1.0,1.0,0.7224672001371107,0.9999999999999999,0.0,0.0,0.0,0.0,0.0,0.0,0.0,0.0,0.2775327998628892,0.03238095238095238,0.00482106112650395,0.03154761904761905,0.027678571428571427,0.03660714285714286,0.029642857142857144,0.03523809523809524,81.6349375,0.44275940391701035,81.598125,81.3759375,81.76609375,81.393246875,81.91614374999999,6.794016197378944,0.027534439080778867,6.78922521908369,6.780047043014259,6.79772715555442,6.780348630721884,6.810728915136854,0.5373428797349333,0.005197460705901492,0.5350535340839997,0.5343827333999798,0.5386963401688263,0.53470849809004,0.5405845479835989,0.8323809523809524,0.0291649119437609,0.8333333333333333,0.8119047619047619,0.8523809523809525,0.8152380952380952,0.8495238095238096
S-DES,teaching_ablation,teacher_only,poisson_excitatory,10.0,1200.0,10,0.0,0.0,0.0,0.0,0.0,0.0,0.0,0.0,0.0,0.0,0.0,0.0,0.0,0.0,1.0,0.0,1.0,1.0,1.0,1.0,1.0,1.0,0.0,1.0,1.0,1.0,1.0,1.0,0.7224672001371107,0.9999999999999999,1.0,0.0,1.0,1.0,1.0,1.0,1.0,0.7224672001371107,0.9999999999999999,1.0,0.0,1.0,1.0,1.0,1.0,1.0,0.7224672001371107,0.9999999999999999,0.0,0.0,0.0,0.0,0.0,0.0,0.0,51.36437500000004,0.0,51.36437500000004,51.36437500000004,51.36437500000004,51.36437500000004,51.36437500000004,5.542983517382245,0.0,5.542983517382245,5.542983517382245,5.542983517382245,5.542983517382245,5.542983517382245,1.0305193898035214,0.00621042562539885,1.0314696105197072,1.0290695885778405,1.0339470363687724,1.026404997415375,1.0339370374399004,1.0,0.0,1.0,1.0,1.0,1.0,1.0
S-DES,teaching_weight_sweep,teacher_assisted_then_off,poisson_excitatory,10.0,0.0,10,0.006309523809523809,0.002317270050897847,0.006547619047619047,0.00505952380952381,0.007142857142857143,0.004880952380952382,0.007738095238095238,5.3,1.9465068427541912,5.5,4.25,6.0,4.1,6.5,0.9495238095238095,0.01853816040718275,0.9476190476190476,0.9428571428571428,0.9595238095238096,0.9390476190476191,0.9609523809523809,0.0,0.0,0.0,0.0,0.0,0.0,0.0,0.0,0.2775327998628892,1.0,0.0,1.0,1.0,1.0,1.0,1.0,0.7224672001371107,0.9999999999999999,0.0,0.0,0.0,0.0,0.0,0.0,0.0,0.0,0.2775327998628892,0.013452380952380952,0.0022482881705103643,0.01369047619047619,0.012202380952380952,0.015178571428571428,0.012142857142857143,0.014761904761904763,72.3144375,0.25090451820750365,72.26406250000002,72.13109375,72.43703124999999,72.174559375,72.46035624999999,6.242542456924038,0.01775811986994187,6.238661256667923,6.23043623230178,6.24902300014153,6.232568310574331,6.25346621995384,0.538629878219217,0.006296747677248398,0.5380403725430369,0.5329770899843425,0.5441810415359214,0.5350785285717575,0.5422230129834498,0.9495238095238095,0.01853816040718275,0.9476190476190476,0.9428571428571428,0.9595238095238096,0.9390476190476191,0.96
S-DES,teaching_weight_sweep,teacher_assisted_then_off,poisson_excitatory,10.0,300.0,10,0.02845238095238095,0.0033413546722255378,0.027976190476190474,0.02738095238095238,0.02976190476190476,0.02654761904761905,0.030476190476190473,23.9,2.8067379246694513,23.5,23.0,25.0,22.3,25.6,0.8028571428571428,0.025017001022026086,0.8,0.7904761904761904,0.8238095238095238,0.7866666666666667,0.8161904761904761,0.0,0.0,0.0,0.0,0.0,0.0,0.0,0.0,0.2775327998628892,1.0,0.0,1.0,1.0,1.0,1.0,1.0,0.7224672001371107,0.9999999999999999,0.0,0.0,0.0,0.0,0.0,0.0,0.0,0.0,0.2775327998628892,0.05702380952380952,0.004025382429497065,0.05714285714285714,0.05505952380952381,0.05803571428571429,0.054761904761904755,0.059404761904761905,77.16493749999997,0.32142105935335213,77.14187499999997,76.89703124999998,77.31687499999995,76.98390624999995,77.35691718749995,6.497713041276282,0.01911274070883707,6.493210006273454,6.485489230665513,6.505577219632787,6.487052983019916,6.509492991779326,0.5345946131972596,0.003795765118570388,0.5349517540307716,0.5325591750442982,0.5360207393532619,0.5324678019079148,0.5368799598934129,0.8028571428571428,0.025017001022026086,0.8,0.7904761904761904,0.8238095238095238,0.7876190476190477,0.8171428571428571
S-DES,teaching_weight_sweep,teacher_assisted_then_off,poisson_excitatory,10.0,600.0,10,0.012023809523809523,0.00425362768122591,0.011904761904761904,0.008928571428571428,0.014880952380952382,0.009523809523809525,0.014523809523809526,10.1,3.573047252229764,10.0,7.5,12.5,8.1,12.102499999999987,0.9085714285714287,0.03149103940987234,0.9142857142857143,0.8809523809523809,0.930952380952381,0.8895238095238096,0.9257142857142858,0.0,0.0,0.0,0.0,0.0,0.0,0.0,0.0,0.2775327998628892,1.0,0.0,1.0,1.0,1.0,1.0,1.0,0.7224672001371107,0.9999999999999999,0.0,0.0,0.0,0.0,0.0,0.0,0.0,0.0,0.2775327998628892,0.0325,0.005021056694567185,0.03273809523809524,0.028869047619047617,0.035416666666666666,0.02976190476190476,0.03559523809523809,78.03768749999998,0.43823421031484444,77.93374999999997,77.79624999999999,78.26968749999995,77.80579531249997,78.31147343749998,6.562948455525955,0.02700771851207343,6.557021142197808,6.547438324754745,6.576646660504934,6.548106387945496,6.579194479723736,0.5373149478575214,0.005257251633918017,0.5358871009666473,0.5336372287129052,0.5418542923871428,0.5341407142335083,0.5403780493326485,0.9085714285714287,0.03149103940987234,0.9142857142857143,0.8809523809523809,0.930952380952381,0.8895238095238096,0.9266666666666667
S-DES,teaching_weight_sweep,teacher_assisted_then_off,poisson_excitatory,10.0,900.0,10,0.015000000000000003,0.0027607185922104904,0.014285714285714285,0.013095238095238096,0.016666666666666666,0.013452380952380952,0.01666666666666667,12.6,2.3190036174568114,12.0,11.0,14.0,11.3,13.9,0.8914285714285715,0.017503553970908206,0.8952380952380953,0.8785714285714286,0.9047619047619048,0.880952380952381,0.900952380952381,0.0,0.0,0.0,0.0,0.0,0.0,0.0,0.0,0.2775327998628892,1.0,0.0,1.0,1.0,1.0,1.0,1.0,0.7224672001371107,0.9999999999999999,0.0,0.0,0.0,0.0,0.0,0.0,0.0,0.0,0.2775327998628892,0.023095238095238092,0.004015590679578894,0.02261904761904762,0.020535714285714286,0.025892857142857145,0.020833333333333336,0.025476190476190475,79.73237499999998,0.447827781878501,79.78499999999997,79.45921874999998,79.85718749999998,79.47502968749998,80.00037499999998,6.6846346400017325,0.02745237272863234,6.690739339587178,6.662640166283406,6.697173995353841,6.668254569750213,6.70091922828066,0.5347293963422999,0.003968392786941001,0.534683327539824,0.5318083276506513,0.5365194649202749,0.5325815263285768,0.5371432058303617,0.8914285714285715,0.017503553970908206,0.8952380952380953,0.8785714285714286,0.9047619047619048,0.880952380952381,0.900952380952381
S-DES,teaching_weight_sweep,teacher_assisted_then_off,poisson_excitatory,10.0,1200.0,10,0.022619047619047622,0.0036800073394824217,0.023214285714285715,0.020535714285714286,0.025595238095238095,0.020476190476190474,0.024642857142857143,19.0,3.0912061651652345,19.5,17.25,21.5,17.2,20.7,0.836190476190476,0.02760262237369416,0.8333333333333333,0.819047619047619,0.8452380952380952,0.8209523809523809,0.8533333333333333,0.0,0.0,0.0,0.0,0.0,0.0,0.0,0.0,0.2775327998628892,1.0,0.0,1.0,1.0,1.0,1.0,1.0,0.7224672001371107,0.9999999999999999,0.0,0.0,0.0,0.0,0.0,0.0,0.0,0.0,0.2775327998628892,0.031071428571428573,0.004064313533037894,0.030952380952380953,0.028869047619047617,0.033630952380952386,0.028571428571428574,0.033452380952380956,81.63943750000001,0.2520983897018729,81.62374999999999,81.49359375,81.70265625000003,81.50299062500001,81.80175156250002,6.795475171537942,0.018642950225447055,6.795481464741092,6.785441072360221,6.802357083654109,6.785399777838382,6.8065689348656875,0.536764454166405,0.004768523647317399,0.5360673809191212,0.5336914093932137,0.5368678118684329,0.533995413891389,0.5396585368341766,0.836190476190476,0.02760262237369416,0.8333333333333333,0.819047619047619,0.8452380952380952,0.8209523809523809,0.8523809523809524
