algorithm,experiment,condition,trial,network_seed,parameter_source,noise_type,noise_rate_hz,teacher_weight,ciphertext_bytes,simulation_wall_s,decoder_tie_fraction,victor_purpura_mean,van_rossum_mean,bit_errors,ber,ciphertext_byte_accuracy,exact_ciphertext_recovery,decryption_success,exact_plaintext_recovery,plaintext_byte_accuracy,noise_seed
S-DES,teaching_weight_sweep,teacher_assisted_then_off,0,226785320,ES+teacher training,poisson_excitatory,10.0,0.0,105,0.5449639251455665,0.016666666666666666,72.670625,6.274252830367404,8,0.009523809523809525,0.9238095238095239,False,True,False,0.9238095238095239,1297166988
S-DES,teaching_weight_sweep,teacher_assisted_then_off,0,226785320,ES+teacher training,poisson_excitatory,10.0,300.0,105,0.5371806488838047,0.06428571428571428,77.57687499999999,6.525065862938913,29,0.034523809523809526,0.7523809523809524,False,True,False,0.7523809523809524,1297166988
S-DES,teaching_weight_sweep,teacher_assisted_then_off,0,226785320,ES+teacher training,poisson_excitatory,10.0,600.0,105,0.5351373350713402,0.03571428571428571,78.34812499999997,6.581658562451208,13,0.015476190476190477,0.8761904761904762,False,True,False,0.8761904761904762,1297166988
S-DES,teaching_weight_sweep,teacher_assisted_then_off,0,226785320,ES+teacher training,poisson_excitatory,10.0,900.0,105,0.5342310001142323,0.025,79.75937499999998,6.688272465440788,16,0.01904761904761905,0.8857142857142857,False,True,False,0.8857142857142857,1297166988
S-DES,teaching_weight_sweep,teacher_assisted_then_off,0,226785320,ES+teacher training,poisson_excitatory,10.0,1200.0,105,0.5361636269371957,0.034523809523809526,81.63875000000002,6.796319235516382,23,0.02738095238095238,0.8095238095238095,False,True,False,0.8095238095238095,1297166988
S-DES,teaching_weight_sweep,teacher_assisted_then_off,1,2055423894,ES+teacher training,poisson_excitatory,10.0,0.0,105,0.5483231050893664,0.013095238095238096,72.11250000000001,6.227315348436386,6,0.007142857142857143,0.9428571428571428,False,True,False,0.9428571428571428,1759158937
S-DES,teaching_weight_sweep,teacher_assisted_then_off,1,2055423894,ES+teacher training,poisson_excitatory,10.0,300.0,105,0.533536764094606,0.05714285714285714,77.32187499999995,6.505122660749388,25,0.02976190476190476,0.7904761904761904,False,True,False,0.7904761904761904,1759158937
S-DES,teaching_weight_sweep,teacher_assisted_then_off,1,2055423894,ES+teacher training,poisson_excitatory,10.0,600.0,105,0.5443954011425376,0.034523809523809526,78.10374999999998,6.56161095466611,11,0.013095238095238096,0.8952380952380953,False,True,False,0.8952380952380953,1759158937
S-DES,teaching_weight_sweep,teacher_assisted_then_off,1,2055423894,ES+teacher training,poisson_excitatory,10.0,900.0,105,0.5346650620922446,0.02738095238095238,79.87187499999999,6.693206213733568,14,0.016666666666666666,0.8761904761904762,False,True,False,0.8761904761904762,1759158937
S-DES,teaching_weight_sweep,teacher_assisted_then_off,1,2055423894,ES+teacher training,poisson_excitatory,10.0,1200.0,105,0.5367536218836904,0.025,81.55125000000001,6.79212087698374,13,0.015476190476190477,0.8857142857142857,False,True,False,0.8857142857142857,1759158937
S-DES,teaching_weight_sweep,teacher_assisted_then_off,2,1669994235,ES+teacher training,poisson_excitatory,10.0,0.0,105,0.5445532940793782,0.015476190476190477,72.334375,6.241421418586433,6,0.007142857142857143,0.9428571428571428,False,True,False,0.9428571428571428,1563890790
S-DES,teaching_weight_sweep,teacher_assisted_then_off,2,1669994235,ES+teacher training,poisson_excitatory,10.0,300.0,105,0.535200682003051,0.05357142857142857,77.30187499999997,6.505728739260587,23,0.02738095238095238,0.8,False,True,False,0.8,1563890790
S-DES,teaching_weight_sweep,teacher_assisted_then_off,2,1669994235,ES+teacher training,poisson_excitatory,10.0,600.0,105,0.5435988868121058,0.02857142857142857,78.32499999999995,6.5882557660738685,9,0.010714285714285714,0.9142857142857143,False,True,False,0.9142857142857143,1563890790
S-DES,teaching_weight_sweep,teacher_assisted_then_off,2,1669994235,ES+teacher training,poisson_excitatory,10.0,900.0,105,0.5305030369199812,0.02261904761904762,80.05375,6.7085665951047755,11,0.013095238095238096,0.9047619047619048,False,True,False,0.9047619047619048,1563890790
S-DES,teaching_weight_sweep,teacher_assisted_then_off,2,1669994235,ES+teacher training,poisson_excitatory,10.0,1200.0,105,0.530540982959792,0.030952380952380953,81.60874999999996,6.802465252531971,20,0.023809523809523808,0.819047619047619,False,True,False,0.819047619047619,1563890790
S-DES,teaching_weight_sweep,teacher_assisted_then_off,3,344794737,ES+teacher training,poisson_excitatory,10.0,0.0,105,0.5308797110337764,0.014285714285714285,72.18687499999999,6.235901094749412,2,0.002380952380952381,0.9809523809523809,False,True,False,0.9809523809523809,2025620573
S-DES,teaching_weight_sweep,teacher_assisted_then_off,3,344794737,ES+teacher training,poisson_excitatory,10.0,300.0,105,0.5357050290331244,0.05476190476190476,76.865,6.480386970919544,20,0.023809523809523808,0.8380952380952381,False,True,False,0.8380952380952381,2025620573
S-DES,teaching_weight_sweep,teacher_assisted_then_off,3,344794737,ES+teacher training,poisson_excitatory,10.0,600.0,105,0.5333560509607196,0.02976190476190476,77.80374999999995,6.5457071086122856,5,0.005952380952380952,0.9523809523809523,False,True,False,0.9523809523809523,2025620573
S-DES,teaching_weight_sweep,teacher_assisted_then_off,3,344794737,ES+teacher training,poisson_excitatory,10.0,900.0,105,0.535587253049016,0.02142857142857143,79.12749999999997,6.644125537653833,11,0.013095238095238096,0.9047619047619048,False,True,False,0.9047619047619048,2025620573
S-DES,teaching_weight_sweep,teacher_assisted_then_off,3,344794737,ES+teacher training,poisson_excitatory,10.0,1200.0,105,0.543929958017543,0.036904761904761905,81.47437500000001,6.783214470819049,22,0.02619047619047619,0.8,False,True,False,0.8,2025620573
S-DES,teaching_weight_sweep,teacher_assisted_then_off,4,183088143,ES+teacher training,poisson_excitatory,10.0,0.0,105,0.5318353038746864,0.015476190476190477,72.08187499999998,6.230043034968775,8,0.009523809523809525,0.9238095238095239,False,True,False,0.9238095238095239,921467076
S-DES,teaching_weight_sweep,teacher_assisted_then_off,4,183088143,ES+teacher training,poisson_excitatory,10.0,300.0,105,0.5423143559601158,0.05714285714285714,76.72687499999994,6.469582252626095,23,0.02738095238095238,0.8285714285714285,False,True,False,0.8285714285714285,921467076
S-DES,teaching_weight_sweep,teacher_assisted_then_off,4,183088143,ES+teacher training,poisson_excitatory,10.0,600.0,105,0.534480761969462,0.036904761904761905,77.96312499999999,6.558913409294009,14,0.016666666666666666,0.8761904761904762,False,True,False,0.8761904761904762,921467076
S-DES,teaching_weight_sweep,teacher_assisted_then_off,4,183088143,ES+teacher training,poisson_excitatory,10.0,900.0,105,0.5368302022106946,0.02976190476190476,79.81312499999999,6.695242325430919,16,0.01904761904761905,0.8571428571428572,False,True,False,0.8571428571428572,921467076
S-DES,teaching_weight_sweep,teacher_assisted_then_off,4,183088143,ES+teacher training,poisson_excitatory,10.0,1200.0,105,0.5359065840020776,0.036904761904761905,81.71187500000003,6.802904758066782,22,0.02619047619047619,0.819047619047619,False,True,False,0.819047619047619,921467076
S-DES,teaching_weight_sweep,teacher_assisted_then_off,5,2112783261,ES+teacher training,poisson_excitatory,10.0,0.0,105,0.5339434409979731,0.011904761904761904,72.31437500000001,6.241586415507369,4,0.004761904761904762,0.9619047619047619,False,True,False,0.9619047619047619,325576895
S-DES,teaching_weight_sweep,teacher_assisted_then_off,5,2112783261,ES+teacher training,poisson_excitatory,10.0,300.0,105,0.5347028260584921,0.05,76.99312499999996,6.492481701922184,20,0.023809523809523808,0.8285714285714285,False,True,False,0.8285714285714285,325576895
S-DES,teaching_weight_sweep,teacher_assisted_then_off,5,2112783261,ES+teacher training,poisson_excitatory,10.0,600.0,105,0.5328415299300104,0.030952380952380953,77.79375,6.552631973182123,9,0.010714285714285714,0.9238095238095239,False,True,False,0.9238095238095239,325576895
S-DES,teaching_weight_sweep,teacher_assisted_then_off,5,2112783261,ES+teacher training,poisson_excitatory,10.0,900.0,105,0.531000770162791,0.016666666666666666,79.486875,6.667526854060843,11,0.013095238095238096,0.9047619047619048,False,True,False,0.9047619047619048,325576895
S-DES,teaching_weight_sweep,teacher_assisted_then_off,5,2112783261,ES+teacher training,poisson_excitatory,10.0,1200.0,105,0.5327083179727197,0.02857142857142857,81.41624999999999,6.777104119325221,19,0.02261904761904762,0.8380952380952381,False,True,False,0.8380952380952381,325576895
S-DES,teaching_weight_sweep,teacher_assisted_then_off,6,1692914418,ES+teacher training,poisson_excitatory,10.0,0.0,105,0.5430642839055508,0.010714285714285714,72.47125,6.25150186168625,6,0.007142857142857143,0.9428571428571428,False,True,False,0.9428571428571428,646602482
S-DES,teaching_weight_sweep,teacher_assisted_then_off,6,1692914418,ES+teacher training,poisson_excitatory,10.0,300.0,105,0.5290989438071847,0.05714285714285714,77.18812499999993,6.493938310624725,25,0.02976190476190476,0.7904761904761904,False,True,False,0.7904761904761904,646602482
S-DES,teaching_weight_sweep,teacher_assisted_then_off,6,1692914418,ES+teacher training,poisson_excitatory,10.0,600.0,105,0.5418402987997979,0.034523809523809526,77.90437499999996,6.555128875101607,11,0.013095238095238096,0.9142857142857143,False,True,False,0.9142857142857143,646602482
S-DES,teaching_weight_sweep,teacher_assisted_then_off,6,1692914418,ES+teacher training,poisson_excitatory,10.0,900.0,105,0.5347015929874033,0.02619047619047619,79.81062499999996,6.697817885328148,14,0.016666666666666666,0.8761904761904762,False,True,False,0.8761904761904762,646602482
S-DES,teaching_weight_sweep,teacher_assisted_then_off,6,1692914418,ES+teacher training,poisson_excitatory,10.0,1200.0,105,0.5369058751966804,0.030952380952380953,81.74812499999997,6.802032577020523,18,0.02142857142857143,0.8380952380952381,False,True,False,0.8380952380952381,646602482
S-DES,teaching_weight_sweep,teacher_assisted_then_off,7,333505160,ES+teacher training,poisson_excitatory,10.0,0.0,105,0.5367321060039103,0.009523809523809525,72.00187500000003,6.221643511383162,3,0.0035714285714285713,0.9714285714285714,False,True,False,0.9714285714285714,50450163
S-DES,teaching_weight_sweep,teacher_assisted_then_off,7,333505160,ES+teacher training,poisson_excitatory,10.0,300.0,105,0.5298475939780474,0.055952380952380955,76.86062499999996,6.483587551383067,23,0.02738095238095238,0.8095238095238095,False,True,False,0.8095238095238095,50450163
S-DES,teaching_weight_sweep,teacher_assisted_then_off,7,333505160,ES+teacher training,poisson_excitatory,10.0,600.0,105,0.5418589569162577,0.02619047619047619,77.37625000000003,6.522155663600301,7,0.008333333333333333,0.9333333333333333,False,True,False,0.9333333333333333,50450163
S-DES,teaching_weight_sweep,teacher_assisted_then_off,7,333505160,ES+teacher training,poisson_excitatory,10.0,900.0,105,0.5369813009165227,0.02023809523809524,79.2525,6.6558032640873375,9,0.010714285714285714,0.9142857142857143,False,True,False,0.9142857142857143,50450163
S-DES,teaching_weight_sweep,teacher_assisted_then_off,7,333505160,ES+teacher training,poisson_excitatory,10.0,1200.0,105,0.5359711349010468,0.02619047619047619,81.32375000000002,6.767360880117369,16,0.01904761904761905,0.8761904761904762,False,True,False,0.8761904761904762,50450163
S-DES,teaching_weight_sweep,teacher_assisted_then_off,8,56623098,ES+teacher training,poisson_excitatory,10.0,0.0,105,0.5393486390821636,0.013095238095238096,72.21375000000002,6.2316158243007935,5,0.005952380952380952,0.9523809523809523,False,True,False,0.9523809523809523,1633329665
S-DES,teaching_weight_sweep,teacher_assisted_then_off,8,56623098,ES+teacher training,poisson_excitatory,10.0,300.0,105,0.536125976126641,0.058333333333333334,77.095625,6.491194268512851,24,0.02857142857142857,0.8,False,True,False,0.8,1633329665
S-DES,teaching_weight_sweep,teacher_assisted_then_off,8,56623098,ES+teacher training,poisson_excitatory,10.0,600.0,105,0.5366368668619543,0.02619047619047619,77.77249999999998,6.544811349094916,6,0.007142857142857143,0.9428571428571428,False,True,False,0.9428571428571428,1633329665
S-DES,teaching_weight_sweep,teacher_assisted_then_off,8,56623098,ES+teacher training,poisson_excitatory,10.0,900.0,105,0.5432501148898154,0.01904761904761905,79.44999999999997,6.661011270357594,12,0.014285714285714285,0.8952380952380953,False,True,False,0.8952380952380953,1633329665
S-DES,teaching_weight_sweep,teacher_assisted_then_off,8,56623098,ES+teacher training,poisson_excitatory,10.0,1200.0,105,0.5458114219363779,0.02976190476190476,81.67500000000004,6.794643693965803,20,0.023809523809523808,0.8285714285714285,False,True,False,0.8285714285714285,1633329665
S-DES,teaching_weight_sweep,teacher_assisted_then_off,9,1951977348,ES+teacher training,poisson_excitatory,10.0,0.0,105,0.5326549729797989,0.014285714285714285,72.75687499999997,6.270143229254401,5,0.005952380952380952,0.9523809523809523,False,True,False,0.9523809523809523,1154560514
S-DES,teaching_weight_sweep,teacher_assisted_then_off,9,1951977348,ES+teacher training,poisson_excitatory,10.0,300.0,105,0.5322333120275289,0.06190476190476191,77.71937499999993,6.530042093825458,27,0.03214285714285714,0.7904761904761904,False,True,False,0.7904761904761904,1154560514
S-DES,teaching_weight_sweep,teacher_assisted_then_off,9,1951977348,ES+teacher training,poisson_excitatory,10.0,600.0,105,0.5290033901110291,0.041666666666666664,78.98625000000001,6.6186108931831225,16,0.01904761904761905,0.8571428571428572,False,True,False,0.8571428571428572,1154560514
S-DES,teaching_weight_sweep,teacher_assisted_then_off,9,1951977348,ES+teacher training,poisson_excitatory,10.0,900.0,105,0.5295436300802976,0.02261904761904762,80.69812499999996,6.73477398881953,12,0.014285714285714285,0.8952380952380953,False,True,False,0.8952380952380953,1154560514
S-DES,teaching_weight_sweep,teacher_assisted_then_off,9,1951977348,ES+teacher training,poisson_excitatory,10.0,1200.0,105,0.5329530178569257,0.030952380952380953,82.24625,6.836585851032572,17,0.02023809523809524,0.8476190476190476,False,True,False,0.8476190476190476,1154560514
DES,teaching_weight_sweep,teacher_assisted_then_off,0,596845256,ES+teacher training,poisson_excitatory,10.0,0.0,120,0.6105478398967534,0.027083333333333334,82.50937500000003,6.7029836790708694,14,0.014583333333333334,0.8833333333333333,False,False,False,,1509783192
DES,teaching_weight_sweep,teacher_assisted_then_off,0,596845256,ES+teacher training,poisson_excitatory,10.0,300.0,120,0.6197451311163604,0.030208333333333334,84.17750000000005,6.809057939238891,19,0.019791666666666666,0.85,False,False,False,,1509783192
DES,teaching_weight_sweep,teacher_assisted_then_off,0,596845256,ES+teacher training,poisson_excitatory,10.0,600.0,120,0.6139693260192871,0.06458333333333334,88.40125,7.045664721206701,23,0.023958333333333335,0.8166666666666667,False,False,False,,1509783192
DES,teaching_weight_sweep,teacher_assisted_then_off,0,596845256,ES+teacher training,poisson_excitatory,10.0,900.0,120,0.6240989759098738,0.07395833333333333,91.07562499999997,7.193260486349999,42,0.04375,0.7166666666666667,False,False,False,,1509783192
DES,teaching_weight_sweep,teacher_assisted_then_off,0,596845256,ES+teacher training,poisson_excitatory,10.0,1200.0,120,0.6096518698614091,0.06770833333333333,91.83312500000002,7.2507002007792085,41,0.042708333333333334,0.725,False,False,False,,1509783192
DES,teaching_weight_sweep,teacher_assisted_then_off,1,1418990130,ES+teacher training,poisson_excitatory,10.0,0.0,120,0.6070940589997917,0.023958333333333335,81.971875,6.6601840891098805,9,0.009375,0.925,False,True,False,0.49523809523809526,2088167051
DES,teaching_weight_sweep,teacher_assisted_then_off,1,1418990130,ES+teacher training,poisson_excitatory,10.0,300.0,120,0.6207931190729141,0.026041666666666668,83.89000000000006,6.7845535834647075,16,0.016666666666666666,0.875,False,False,False,,2088167051
DES,teaching_weight_sweep,teacher_assisted_then_off,1,1418990130,ES+teacher training,poisson_excitatory,10.0,600.0,120,0.6041823299601674,0.06354166666666666,88.1525,7.026253639749918,23,0.023958333333333335,0.8166666666666667,False,False,False,,2088167051
DES,teaching_weight_sweep,teacher_assisted_then_off,1,1418990130,ES+teacher training,poisson_excitatory,10.0,900.0,120,0.6074420961085707,0.08020833333333334,90.95812500000001,7.18942275599095,41,0.042708333333333334,0.7,False,False,False,,2088167051
DES,teaching_weight_sweep,teacher_assisted_then_off,1,1418990130,ES+teacher training,poisson_excitatory,10.0,1200.0,120,0.6077252009417862,0.071875,91.91187500000004,7.253046562896307,41,0.042708333333333334,0.725,False,False,False,,2088167051
DES,teaching_weight_sweep,teacher_assisted_then_off,2,1302152157,ES+teacher training,poisson_excitatory,10.0,0.0,120,0.6082597880158573,0.025,81.92124999999999,6.664066335425531,13,0.013541666666666667,0.8916666666666666,False,False,False,,1234915422
DES,teaching_weight_sweep,teacher_assisted_then_off,2,1302152157,ES+teacher training,poisson_excitatory,10.0,300.0,120,0.6084606810472906,0.026041666666666668,83.66687500000003,6.773725726593837,16,0.016666666666666666,0.875,False,False,False,,1234915422
DES,teaching_weight_sweep,teacher_assisted_then_off,2,1302152157,ES+teacher training,poisson_excitatory,10.0,600.0,120,0.6131373860407621,0.05625,88.045625,7.019381179049066,19,0.019791666666666666,0.85,False,False,False,,1234915422
DES,teaching_weight_sweep,teacher_assisted_then_off,2,1302152157,ES+teacher training,poisson_excitatory,10.0,900.0,120,0.6104842440690845,0.071875,90.81625,7.180309454527851,39,0.040625,0.725,False,False,False,,1234915422
DES,teaching_weight_sweep,teacher_assisted_then_off,2,1302152157,ES+teacher training,poisson_excitatory,10.0,1200.0,120,0.6054934330750257,0.06979166666666667,91.58937500000002,7.240827461277838,40,0.041666666666666664,0.7083333333333333,False,False,False,,1234915422
DES,teaching_weight_sweep,teacher_assisted_then_off,3,983200591,ES+teacher training,poisson_excitatory,10.0,0.0,120,0.6091354670934379,0.022916666666666665,81.60375000000002,6.645876452512678,11,0.011458333333333333,0.9166666666666666,False,False,False,,1813037159
DES,teaching_weight_sweep,teacher_assisted_then_off,3,983200591,ES+teacher training,poisson_excitatory,10.0,300.0,120,0.6116179609671235,0.030208333333333334,84.33312500000004,6.816045439089956,19,0.019791666666666666,0.8583333333333334,False,False,False,,1813037159
DES,teaching_weight_sweep,teacher_assisted_then_off,3,983200591,ES+teacher training,poisson_excitatory,10.0,600.0,120,0.6212058630771935,0.06458333333333334,88.363125,7.037042935564241,21,0.021875,0.8416666666666667,False,False,False,,1813037159
DES,teaching_weight_sweep,teacher_assisted_then_off,3,983200591,ES+teacher training,poisson_excitatory,10.0,900.0,120,0.6063813560176641,0.08020833333333334,90.64624999999998,7.167465895314512,39,0.040625,0.725,False,False,False,,1813037159
DES,teaching_weight_sweep,teacher_assisted_then_off,3,983200591,ES+teacher training,poisson_excitatory,10.0,1200.0,120,0.6091024409979582,0.06979166666666667,91.33312499999997,7.217944661996006,39,0.040625,0.7333333333333334,False,False,False,,1813037159
DES,teaching_weight_sweep,teacher_assisted_then_off,4,620684977,ES+teacher training,poisson_excitatory,10.0,0.0,120,0.610873845173046,0.03333333333333333,82.28812500000002,6.679514526551566,17,0.017708333333333333,0.8666666666666667,False,False,False,,574635200
DES,teaching_weight_sweep,teacher_assisted_then_off,4,620684977,ES+teacher training,poisson_excitatory,10.0,300.0,120,0.61109235486947,0.028125,83.91812500000002,6.787949348796285,16,0.016666666666666666,0.875,False,False,False,,574635200
DES,teaching_weight_sweep,teacher_assisted_then_off,4,620684977,ES+teacher training,poisson_excitatory,10.0,600.0,120,0.617573682917282,0.05625,87.825625,7.003866263154323,18,0.01875,0.8583333333333334,False,False,False,,574635200
DES,teaching_weight_sweep,teacher_assisted_then_off,4,620684977,ES+teacher training,poisson_excitatory,10.0,900.0,120,0.6203868188895285,0.08125,91.14437500000001,7.195286759107504,43,0.04479166666666667,0.7,False,False,False,,574635200
DES,teaching_weight_sweep,teacher_assisted_then_off,4,620684977,ES+teacher training,poisson_excitatory,10.0,1200.0,120,0.6121334149502218,0.07291666666666667,91.665625,7.240731620688154,40,0.041666666666666664,0.7166666666666667,False,False,False,,574635200
DES,teaching_weight_sweep,teacher_assisted_then_off,5,1408882235,ES+teacher training,poisson_excitatory,10.0,0.0,120,0.6110683029983193,0.03229166666666667,81.90812500000001,6.665079126772017,20,0.020833333333333332,0.8416666666666667,False,False,False,,130788549
DES,teaching_weight_sweep,teacher_assisted_then_off,5,1408882235,ES+teacher training,poisson_excitatory,10.0,300.0,120,0.6102736708708107,0.028125,84.10562500000002,6.803548777231643,19,0.019791666666666666,0.85,False,False,False,,130788549
DES,teaching_weight_sweep,teacher_assisted_then_off,5,1408882235,ES+teacher training,poisson_excitatory,10.0,600.0,120,0.6093989158980548,0.0625,88.248125,7.036251421088592,23,0.023958333333333335,0.8416666666666667,False,False,False,,130788549
DES,teaching_weight_sweep,teacher_assisted_then_off,5,1408882235,ES+teacher training,poisson_excitatory,10.0,900.0,120,0.615810297196731,0.08229166666666667,90.64062499999997,7.16872984621434,44,0.04583333333333333,0.7083333333333333,False,False,False,,130788549
DES,teaching_weight_sweep,teacher_assisted_then_off,5,1408882235,ES+teacher training,poisson_excitatory,10.0,1200.0,120,0.6077097118832171,0.078125,91.30187499999998,7.219331150227978,46,0.04791666666666667,0.6916666666666667,False,False,False,,130788549
DES,teaching_weight_sweep,teacher_assisted_then_off,6,1257277398,ES+teacher training,poisson_excitatory,10.0,0.0,120,0.61199885699898,0.023958333333333335,82.01625000000004,6.664965520357173,10,0.010416666666666666,0.9166666666666666,False,False,False,,841358066
DES,teaching_weight_sweep,teacher_assisted_then_off,6,1257277398,ES+teacher training,poisson_excitatory,10.0,300.0,120,0.6087375939823687,0.03229166666666667,84.52937500000002,6.822175451130139,21,0.021875,0.8416666666666667,False,False,False,,841358066
DES,teaching_weight_sweep,teacher_assisted_then_off,6,1257277398,ES+teacher training,poisson_excitatory,10.0,600.0,120,0.6086009610444307,0.06354166666666666,88.48999999999998,7.042880074885842,27,0.028125,0.8,False,False,False,,841358066
DES,teaching_weight_sweep,teacher_assisted_then_off,6,1257277398,ES+teacher training,poisson_excitatory,10.0,900.0,120,0.6080290079116821,0.08125,91.40687499999997,7.211149886378852,40,0.041666666666666664,0.7083333333333333,False,False,False,,841358066
DES,teaching_weight_sweep,teacher_assisted_then_off,6,1257277398,ES+teacher training,poisson_excitatory,10.0,1200.0,120,0.6220521610230207,0.06875,91.64250000000003,7.2362799317131365,38,0.03958333333333333,0.7166666666666667,False,False,False,,841358066
DES,teaching_weight_sweep,teacher_assisted_then_off,7,1039644520,ES+teacher training,poisson_excitatory,10.0,0.0,120,0.6091478778980672,0.027083333333333334,82.32500000000002,6.685501035261634,14,0.014583333333333334,0.8916666666666666,False,False,False,,397249265
DES,teaching_weight_sweep,teacher_assisted_then_off,7,1039644520,ES+teacher training,poisson_excitatory,10.0,300.0,120,0.6132076010107994,0.030208333333333334,84.28562500000007,6.812379142392832,19,0.019791666666666666,0.85,False,False,False,,397249265
DES,teaching_weight_sweep,teacher_assisted_then_off,7,1039644520,ES+teacher training,poisson_excitatory,10.0,600.0,120,0.608680475037545,0.058333333333333334,88.69375,7.061824908084695,24,0.025,0.8333333333333334,False,False,False,,397249265
DES,teaching_weight_sweep,teacher_assisted_then_off,7,1039644520,ES+teacher training,poisson_excitatory,10.0,900.0,120,0.6071123948786408,0.075,91.48124999999996,7.2238610261232665,37,0.03854166666666667,0.725,False,False,False,,397249265
DES,teaching_weight_sweep,teacher_assisted_then_off,7,1039644520,ES+teacher training,poisson_excitatory,10.0,1200.0,120,0.615030380897224,0.07291666666666667,92.33687499999999,7.279731420187536,39,0.040625,0.7333333333333334,False,False,False,,397249265
DES,teaching_weight_sweep,teacher_assisted_then_off,8,759737046,ES+teacher training,poisson_excitatory,10.0,0.0,120,0.6176522539462894,0.026041666666666668,81.79437500000004,6.654195229597104,12,0.0125,0.9083333333333333,False,False,False,,1979115011
DES,teaching_weight_sweep,teacher_assisted_then_off,8,759737046,ES+teacher training,poisson_excitatory,10.0,300.0,120,0.6111821960657835,0.036458333333333336,84.41437500000006,6.81700876331416,24,0.025,0.8083333333333333,False,False,False,,1979115011
DES,teaching_weight_sweep,teacher_assisted_then_off,8,759737046,ES+teacher training,poisson_excitatory,10.0,600.0,120,0.6080093309283257,0.06354166666666666,88.17624999999998,7.0264368920119304,23,0.023958333333333335,0.8166666666666667,False,False,False,,1979115011
DES,teaching_weight_sweep,teacher_assisted_then_off,8,759737046,ES+teacher training,poisson_excitatory,10.0,900.0,120,0.6078453329391778,0.08645833333333333,91.28125,7.205067436946344,47,0.04895833333333333,0.6833333333333333,False,False,False,,1979115011
DES,teaching_weight_sweep,teacher_assisted_then_off,8,759737046,ES+teacher training,poisson_excitatory,10.0,1200.0,120,0.6067872939165682,0.08020833333333334,92.176875,7.271813258477127,46,0.04791666666666667,0.675,False,False,False,,1979115011
DES,teaching_weight_sweep,teacher_assisted_then_off,9,1515166308,ES+teacher training,poisson_excitatory,10.0,0.0,120,0.6096828049048781,0.026041666666666668,81.68937500000004,6.645926016792787,15,0.015625,0.8833333333333333,False,False,False,,1350399490
DES,teaching_weight_sweep,teacher_assisted_then_off,9,1515166308,ES+teacher training,poisson_excitatory,10.0,300.0,120,0.6117994068190455,0.03125,84.14125000000004,6.798701405738277,23,0.023958333333333335,0.825,False,False,False,,1350399490
DES,teaching_weight_sweep,teacher_assisted_then_off,9,1515166308,ES+teacher training,poisson_excitatory,10.0,600.0,120,0.6088934489525855,0.06041666666666667,88.02874999999997,7.021207034156973,22,0.022916666666666665,0.825,False,False,False,,1350399490
DES,teaching_weight_sweep,teacher_assisted_then_off,9,1515166308,ES+teacher training,poisson_excitatory,10.0,900.0,120,0.6077300370670855,0.07916666666666666,90.77874999999997,7.178451447275638,41,0.042708333333333334,0.7083333333333333,False,False,False,,1350399490
DES,teaching_weight_sweep,teacher_assisted_then_off,9,1515166308,ES+teacher training,poisson_excitatory,10.0,1200.0,120,0.6100060390308499,0.07291666666666667,91.53437499999998,7.2330492236163195,43,0.04479166666666667,0.7,False,False,False,,1350399490
AES,teaching_weight_sweep,teacher_assisted_then_off,0,1802743321,ES+teacher training,poisson_excitatory,10.0,0.0,128,0.654043307993561,0.0361328125,88.68750000000006,6.93958076552955,17,0.0166015625,0.8671875,False,False,False,,1838468549
AES,teaching_weight_sweep,teacher_assisted_then_off,0,1802743321,ES+teacher training,poisson_excitatory,10.0,300.0,128,0.6576607490424067,0.0234375,90.30625000000006,7.060593170109898,13,0.0126953125,0.8984375,False,False,False,,1838468549
AES,teaching_weight_sweep,teacher_assisted_then_off,0,1802743321,ES+teacher training,poisson_excitatory,10.0,600.0,128,0.6496168249286711,0.107421875,97.10125000000005,7.4086939300326975,55,0.0537109375,0.625,False,False,False,,1838468549
AES,teaching_weight_sweep,teacher_assisted_then_off,0,1802743321,ES+teacher training,poisson_excitatory,10.0,900.0,128,0.6518541278783232,0.099609375,98.70374999999999,7.5154339234383585,53,0.0517578125,0.6171875,False,False,False,,1838468549
AES,teaching_weight_sweep,teacher_assisted_then_off,0,1802743321,ES+teacher training,poisson_excitatory,10.0,1200.0,128,0.6473905311431736,0.0751953125,99.01249999999999,7.548167160377041,42,0.041015625,0.6796875,False,False,False,,1838468549
AES,teaching_weight_sweep,teacher_assisted_then_off,1,477404579,ES+teacher training,poisson_excitatory,10.0,0.0,128,0.6477277330122888,0.0341796875,88.81499999999997,6.957888185044524,19,0.0185546875,0.8515625,False,False,False,,1210015168
AES,teaching_weight_sweep,teacher_assisted_then_off,1,477404579,ES+teacher training,poisson_excitatory,10.0,300.0,128,0.6503649509977549,0.0244140625,89.85875000000007,7.037835263609361,13,0.0126953125,0.8984375,False,False,False,,1210015168
AES,teaching_weight_sweep,teacher_assisted_then_off,1,477404579,ES+teacher training,poisson_excitatory,10.0,600.0,128,0.6601251449901611,0.1123046875,97.22062499999998,7.428724503796701,59,0.0576171875,0.609375,False,False,False,,1210015168
AES,teaching_weight_sweep,teacher_assisted_then_off,1,477404579,ES+teacher training,poisson_excitatory,10.0,900.0,128,0.6611453348305076,0.1064453125,99.46624999999997,7.567029016650287,57,0.0556640625,0.609375,False,False,False,,1210015168
AES,teaching_weight_sweep,teacher_assisted_then_off,1,477404579,ES+teacher training,poisson_excitatory,10.0,1200.0,128,0.652784660924226,0.0859375,99.55875,7.588113456008967,45,0.0439453125,0.6796875,False,False,False,,1210015168
AES,teaching_weight_sweep,teacher_assisted_then_off,2,92130540,ES+teacher training,poisson_excitatory,10.0,0.0,128,0.6607531770132482,0.0361328125,88.56750000000007,6.930002759137942,16,0.015625,0.890625,False,False,False,,2113072113
AES,teaching_weight_sweep,teacher_assisted_then_off,2,92130540,ES+teacher training,poisson_excitatory,10.0,300.0,128,0.6515791059937328,0.0234375,89.64250000000006,7.010929364844717,8,0.0078125,0.9375,False,False,False,,2113072113
AES,teaching_weight_sweep,teacher_assisted_then_off,2,92130540,ES+teacher training,poisson_excitatory,10.0,600.0,128,0.6541801542043686,0.1103515625,97.05000000000004,7.401500138253619,58,0.056640625,0.6015625,False,False,False,,2113072113
AES,teaching_weight_sweep,teacher_assisted_then_off,2,92130540,ES+teacher training,poisson_excitatory,10.0,900.0,128,0.6532729531172663,0.1015625,99.31187499999996,7.550042739960564,58,0.056640625,0.5859375,False,False,False,,2113072113
AES,teaching_weight_sweep,teacher_assisted_then_off,2,92130540,ES+teacher training,poisson_excitatory,10.0,1200.0,128,0.6573979840613902,0.080078125,99.30812499999996,7.560473712776181,44,0.04296875,0.6640625,False,False,False,,2113072113
AES,teaching_weight_sweep,teacher_assisted_then_off,3,1920662654,ES+teacher training,poisson_excitatory,10.0,0.0,128,0.6483936598524451,0.0361328125,88.75562500000005,6.951433601822794,17,0.0166015625,0.890625,False,False,False,,1484356594
AES,teaching_weight_sweep,teacher_assisted_then_off,3,1920662654,ES+teacher training,poisson_excitatory,10.0,300.0,128,0.6482013899367303,0.021484375,89.86375000000004,7.040059874883619,11,0.0107421875,0.9140625,False,False,False,,1484356594
AES,teaching_weight_sweep,teacher_assisted_then_off,3,1920662654,ES+teacher training,poisson_excitatory,10.0,600.0,128,0.6601994738448411,0.1171875,97.65562499999997,7.446477549638589,63,0.0615234375,0.578125,False,False,False,,1484356594
AES,teaching_weight_sweep,teacher_assisted_then_off,3,1920662654,ES+teacher training,poisson_excitatory,10.0,900.0,128,0.6486169879790395,0.1142578125,99.34687499999998,7.553833495176647,62,0.060546875,0.578125,False,False,False,,1484356594
AES,teaching_weight_sweep,teacher_assisted_then_off,3,1920662654,ES+teacher training,poisson_excitatory,10.0,1200.0,128,0.6564347059465945,0.0810546875,99.65249999999997,7.585767855242891,45,0.0439453125,0.671875,False,False,False,,1484356594
AES,teaching_weight_sweep,teacher_assisted_then_off,4,1813932578,ES+teacher training,poisson_excitatory,10.0,0.0,128,0.6473785790149122,0.037109375,88.77500000000003,6.939426127002977,18,0.017578125,0.859375,False,False,False,,371820427
AES,teaching_weight_sweep,teacher_assisted_then_off,4,1813932578,ES+teacher training,poisson_excitatory,10.0,300.0,128,0.6452953219413757,0.0185546875,89.84562500000004,7.0248309284732855,7,0.0068359375,0.9453125,False,True,False,0.5047619047619047,371820427
AES,teaching_weight_sweep,teacher_assisted_then_off,4,1813932578,ES+teacher training,poisson_excitatory,10.0,600.0,128,0.6502681740093976,0.109375,96.98875000000001,7.407994776261683,60,0.05859375,0.59375,False,False,False,,371820427
AES,teaching_weight_sweep,teacher_assisted_then_off,4,1813932578,ES+teacher training,poisson_excitatory,10.0,900.0,128,0.6576649041380733,0.1064453125,98.78187500000001,7.521516501849375,57,0.0556640625,0.578125,False,False,False,,371820427
AES,teaching_weight_sweep,teacher_assisted_then_off,4,1813932578,ES+teacher training,poisson_excitatory,10.0,1200.0,128,0.6516449011396617,0.0830078125,99.164375,7.556510573878814,45,0.0439453125,0.65625,False,False,False,,371820427
AES,teaching_weight_sweep,teacher_assisted_then_off,5,454646156,ES+teacher training,poisson_excitatory,10.0,0.0,128,0.6542093029711396,0.037109375,88.44000000000003,6.927437022252069,19,0.0185546875,0.859375,False,False,False,,866260888
AES,teaching_weight_sweep,teacher_assisted_then_off,5,454646156,ES+teacher training,poisson_excitatory,10.0,300.0,128,0.6609878609888256,0.02734375,90.12625000000003,7.047549824589167,14,0.013671875,0.8984375,False,False,False,,866260888
AES,teaching_weight_sweep,teacher_assisted_then_off,5,454646156,ES+teacher training,poisson_excitatory,10.0,600.0,128,0.6573898908682168,0.1103515625,97.18125,7.4141777720935265,55,0.0537109375,0.625,False,False,False,,866260888
AES,teaching_weight_sweep,teacher_assisted_then_off,5,454646156,ES+teacher training,poisson_excitatory,10.0,900.0,128,0.6490715709514916,0.107421875,99.05187500000002,7.5405448308266045,54,0.052734375,0.609375,False,False,False,,866260888
AES,teaching_weight_sweep,teacher_assisted_then_off,5,454646156,ES+teacher training,poisson_excitatory,10.0,1200.0,128,0.6457229319494218,0.08203125,99.055,7.552535949471196,43,0.0419921875,0.671875,False,False,False,,866260888
AES,teaching_weight_sweep,teacher_assisted_then_off,6,34605317,ES+teacher training,poisson_excitatory,10.0,0.0,128,0.6585086770355701,0.037109375,88.58687500000003,6.9352506618712875,19,0.0185546875,0.8515625,False,False,False,,105881959
AES,teaching_weight_sweep,teacher_assisted_then_off,6,34605317,ES+teacher training,poisson_excitatory,10.0,300.0,128,0.65240607294254,0.0263671875,90.13125000000005,7.043733367469397,11,0.0107421875,0.921875,False,True,False,0.33333333333333337,105881959
AES,teaching_weight_sweep,teacher_assisted_then_off,6,34605317,ES+teacher training,poisson_excitatory,10.0,600.0,128,0.6633292988408357,0.103515625,96.85624999999999,7.3978789149441155,56,0.0546875,0.6015625,False,False,False,,105881959
AES,teaching_weight_sweep,teacher_assisted_then_off,6,34605317,ES+teacher training,poisson_excitatory,10.0,900.0,128,0.6511215979699045,0.1025390625,99.41624999999999,7.554637439680709,56,0.0546875,0.5859375,False,False,False,,105881959
AES,teaching_weight_sweep,teacher_assisted_then_off,6,34605317,ES+teacher training,poisson_excitatory,10.0,1200.0,128,0.6518786910455674,0.0751953125,99.24499999999995,7.561970482569459,41,0.0400390625,0.6796875,False,False,False,,105881959
AES,teaching_weight_sweep,teacher_assisted_then_off,7,1964456055,ES+teacher training,poisson_excitatory,10.0,0.0,128,0.6545014178846031,0.0361328125,88.43062500000008,6.924705730174266,19,0.0185546875,0.859375,False,False,False,,600060254
AES,teaching_weight_sweep,teacher_assisted_then_off,7,1964456055,ES+teacher training,poisson_excitatory,10.0,300.0,128,0.6578843819443136,0.0263671875,89.89875000000005,7.034105395059231,13,0.0126953125,0.90625,False,False,False,,600060254
AES,teaching_weight_sweep,teacher_assisted_then_off,7,1964456055,ES+teacher training,poisson_excitatory,10.0,600.0,128,0.6521312498953193,0.1083984375,96.84562500000001,7.39893237967373,59,0.0576171875,0.609375,False,False,False,,600060254
AES,teaching_weight_sweep,teacher_assisted_then_off,7,1964456055,ES+teacher training,poisson_excitatory,10.0,900.0,128,0.6410147740971297,0.109375,99.370625,7.557854587234475,55,0.0537109375,0.6015625,False,False,False,,600060254
AES,teaching_weight_sweep,teacher_assisted_then_off,7,1964456055,ES+teacher training,poisson_excitatory,10.0,1200.0,128,0.6581091720145196,0.083984375,99.44937499999999,7.5743574128271,41,0.0400390625,0.703125,False,False,False,,600060254
AES,teaching_weight_sweep,teacher_assisted_then_off,8,1705518599,ES+teacher training,poisson_excitatory,10.0,0.0,128,0.6448796300683171,0.0361328125,88.72125000000004,6.942129539148728,19,0.0185546875,0.8515625,False,False,False,,1100963414
AES,teaching_weight_sweep,teacher_assisted_then_off,8,1705518599,ES+teacher training,poisson_excitatory,10.0,300.0,128,0.6477677070070058,0.0244140625,89.96187500000005,7.033312746397689,13,0.0126953125,0.9140625,False,False,False,,1100963414
AES,teaching_weight_sweep,teacher_assisted_then_off,8,1705518599,ES+teacher training,poisson_excitatory,10.0,600.0,128,0.658140572020784,0.1103515625,97.19125000000005,7.4166429850894735,57,0.0556640625,0.609375,False,False,False,,1100963414
AES,teaching_weight_sweep,teacher_assisted_then_off,8,1705518599,ES+teacher training,poisson_excitatory,10.0,900.0,128,0.6453081159852445,0.1064453125,99.15437499999999,7.543452837109134,53,0.0517578125,0.609375,False,False,False,,1100963414
AES,teaching_weight_sweep,teacher_assisted_then_off,8,1705518599,ES+teacher training,poisson_excitatory,10.0,1200.0,128,0.6616455670446157,0.0732421875,99.27437499999996,7.565848582942567,37,0.0361328125,0.71875,False,False,False,,1100963414
AES,teaching_weight_sweep,teacher_assisted_then_off,9,313464181,ES+teacher training,poisson_excitatory,10.0,0.0,128,0.6524775309953839,0.0322265625,88.28500000000003,6.914920216777031,19,0.0185546875,0.8515625,False,False,False,,1679085133
AES,teaching_weight_sweep,teacher_assisted_then_off,9,313464181,ES+teacher training,poisson_excitatory,10.0,300.0,128,0.649873164948076,0.0224609375,89.52000000000002,7.013942531022559,11,0.0107421875,0.9140625,False,False,False,,1679085133
AES,teaching_weight_sweep,teacher_assisted_then_off,9,313464181,ES+teacher training,poisson_excitatory,10.0,600.0,128,0.65501470095478,0.115234375,97.58937499999996,7.438596082553463,63,0.0615234375,0.5625,False,False,False,,1679085133
AES,teaching_weight_sweep,teacher_assisted_then_off,9,313464181,ES+teacher training,poisson_excitatory,10.0,900.0,128,0.6662531960755587,0.1083984375,99.34375000000001,7.550471083910067,55,0.0537109375,0.59375,False,False,False,,1679085133
AES,teaching_weight_sweep,teacher_assisted_then_off,9,313464181,ES+teacher training,poisson_excitatory,10.0,1200.0,128,0.6463136209640652,0.0751953125,99.38562499999998,7.56768176161203,42,0.041015625,0.6796875,False,False,False,,1679085133
ChaCha20,teaching_weight_sweep,teacher_assisted_then_off,0,1961328854,ES+teacher training,poisson_excitatory,10.0,0.0,117,0.5955980960279703,0.0438034188034188,80.93062500000002,6.6294341060507405,21,0.022435897435897436,0.829059829059829,False,True,False,0.0,29759240
ChaCha20,teaching_weight_sweep,teacher_assisted_then_off,0,1961328854,ES+teacher training,poisson_excitatory,10.0,300.0,117,0.5980279489886016,0.007478632478632479,81.33312500000005,6.680674130195856,2,0.002136752136752137,0.9829059829059829,False,True,False,0.9809523809523809,29759240
ChaCha20,teaching_weight_sweep,teacher_assisted_then_off,0,1961328854,ES+teacher training,poisson_excitatory,10.0,600.0,117,0.6055521161761135,0.08012820512820513,86.37937499999995,6.948866768585972,46,0.049145299145299144,0.6239316239316239,False,True,False,0.0,29759240
ChaCha20,teaching_weight_sweep,teacher_assisted_then_off,0,1961328854,ES+teacher training,poisson_excitatory,10.0,900.0,117,0.5975112118758261,0.09829059829059829,89.43062499999996,7.128178603291703,39,0.041666666666666664,0.6923076923076923,False,True,False,0.0,29759240
ChaCha20,teaching_weight_sweep,teacher_assisted_then_off,0,1961328854,ES+teacher training,poisson_excitatory,10.0,1200.0,117,0.5935324488673359,0.07585470085470085,89.59562499999996,7.147730738599243,25,0.026709401709401708,0.7948717948717949,False,True,False,0.0,29759240
ChaCha20,teaching_weight_sweep,teacher_assisted_then_off,1,65056868,ES+teacher training,poisson_excitatory,10.0,0.0,117,0.5956359109841287,0.04487179487179487,80.85750000000003,6.6231445830219755,24,0.02564102564102564,0.8205128205128205,False,True,False,0.0,609060603
ChaCha20,teaching_weight_sweep,teacher_assisted_then_off,1,65056868,ES+teacher training,poisson_excitatory,10.0,300.0,117,0.6024605839047581,0.014957264957264958,81.76250000000002,6.703432708423508,6,0.00641025641025641,0.9487179487179487,False,True,False,0.0,609060603
ChaCha20,teaching_weight_sweep,teacher_assisted_then_off,1,65056868,ES+teacher training,poisson_excitatory,10.0,600.0,117,0.5954707390628755,0.07905982905982906,86.68062499999996,6.964408261789446,47,0.050213675213675216,0.6153846153846154,False,True,False,0.0,609060603
ChaCha20,teaching_weight_sweep,teacher_assisted_then_off,1,65056868,ES+teacher training,poisson_excitatory,10.0,900.0,117,0.5878602189477533,0.09722222222222222,89.69437499999995,7.139705966677201,41,0.0438034188034188,0.6752136752136753,False,True,False,0.0,609060603
ChaCha20,teaching_weight_sweep,teacher_assisted_then_off,1,65056868,ES+teacher training,poisson_excitatory,10.0,1200.0,117,0.5994727190118283,0.07905982905982906,89.85499999999996,7.15682135601446,29,0.030982905982905984,0.7692307692307692,False,True,False,0.0,609060603
ChaCha20,teaching_weight_sweep,teacher_assisted_then_off,2,451535275,ES+teacher training,poisson_excitatory,10.0,0.0,117,0.6028365672100335,0.038461538461538464,81.09250000000002,6.639692407236806,23,0.024572649572649572,0.829059829059829,False,True,False,0.00952380952380949,295710894
ChaCha20,teaching_weight_sweep,teacher_assisted_then_off,2,451535275,ES+teacher training,poisson_excitatory,10.0,300.0,117,0.6004392739851028,0.011752136752136752,81.60687500000003,6.691238194736763,8,0.008547008547008548,0.9316239316239316,False,True,False,0.9238095238095239,295710894
ChaCha20,teaching_weight_sweep,teacher_assisted_then_off,2,451535275,ES+teacher training,poisson_excitatory,10.0,600.0,117,0.5935279540717602,0.0811965811965812,86.74874999999999,6.969302402220087,49,0.05235042735042735,0.6068376068376069,False,True,False,0.01904761904761909,295710894
ChaCha20,teaching_weight_sweep,teacher_assisted_then_off,2,451535275,ES+teacher training,poisson_excitatory,10.0,900.0,117,0.6070242850109935,0.09615384615384616,89.36874999999998,7.120356935676844,42,0.04487179487179487,0.6581196581196581,False,True,False,0.0,295710894
ChaCha20,teaching_weight_sweep,teacher_assisted_then_off,2,451535275,ES+teacher training,poisson_excitatory,10.0,1200.0,117,0.6087373979389668,0.08012820512820513,89.67562499999997,7.14507616356379,26,0.027777777777777776,0.7863247863247863,False,True,False,0.0,295710894
ChaCha20,teaching_weight_sweep,teacher_assisted_then_off,3,1844367681,ES+teacher training,poisson_excitatory,10.0,0.0,117,0.5990823900792748,0.0438034188034188,81.01312500000003,6.6372788032163985,20,0.021367521367521368,0.8376068376068376,False,True,False,0.819047619047619,875274423
ChaCha20,teaching_weight_sweep,teacher_assisted_then_off,3,1844367681,ES+teacher training,poisson_excitatory,10.0,300.0,117,0.5897167348302901,0.016025641025641024,81.87374999999999,6.71231281759756,10,0.010683760683760684,0.9230769230769231,False,True,False,0.0,875274423
ChaCha20,teaching_weight_sweep,teacher_assisted_then_off,3,1844367681,ES+teacher training,poisson_excitatory,10.0,600.0,117,0.5883908779360354,0.08547008547008547,87.08562499999994,6.995031307913923,52,0.05555555555555555,0.5897435897435898,False,True,False,0.00952380952380949,875274423
ChaCha20,teaching_weight_sweep,teacher_assisted_then_off,3,1844367681,ES+teacher training,poisson_excitatory,10.0,900.0,117,0.5927497551310807,0.09829059829059829,89.86437500000001,7.155674866621059,40,0.042735042735042736,0.7008547008547008,False,True,False,0.0,875274423
ChaCha20,teaching_weight_sweep,teacher_assisted_then_off,3,1844367681,ES+teacher training,poisson_excitatory,10.0,1200.0,117,0.6040372068528086,0.08547008547008547,90.25250000000001,7.189405223409771,31,0.03311965811965812,0.7606837606837606,False,True,False,0.0,875274423
ChaCha20,teaching_weight_sweep,teacher_assisted_then_off,4,1938441439,ES+teacher training,poisson_excitatory,10.0,0.0,117,0.6038663550280035,0.04487179487179487,81.19125,6.640384779130834,22,0.023504273504273504,0.8205128205128205,False,True,False,0.00952380952380949,2054904912
ChaCha20,teaching_weight_sweep,teacher_assisted_then_off,4,1938441439,ES+teacher training,poisson_excitatory,10.0,300.0,117,0.5979543691501021,0.017094017094017096,81.75375000000001,6.698984135539391,9,0.009615384615384616,0.9230769230769231,False,True,False,0.0,2054904912
ChaCha20,teaching_weight_sweep,teacher_assisted_then_off,4,1938441439,ES+teacher training,poisson_excitatory,10.0,600.0,117,0.6003373030107468,0.08333333333333333,86.97562499999998,6.984683903312751,45,0.04807692307692308,0.6495726495726496,False,True,False,0.00952380952380949,2054904912
ChaCha20,teaching_weight_sweep,teacher_assisted_then_off,4,1938441439,ES+teacher training,poisson_excitatory,10.0,900.0,117,0.5889109252020717,0.09294871794871795,89.40062499999996,7.121540562843662,37,0.03952991452991453,0.7008547008547008,False,True,False,0.00952380952380949,2054904912
ChaCha20,teaching_weight_sweep,teacher_assisted_then_off,4,1938441439,ES+teacher training,poisson_excitatory,10.0,1200.0,117,0.6037097820080817,0.08012820512820513,90.10187499999998,7.172923723445178,26,0.027777777777777776,0.7863247863247863,False,True,False,0.0,2054904912
ChaCha20,teaching_weight_sweep,teacher_assisted_then_off,5,76379213,ES+teacher training,poisson_excitatory,10.0,0.0,117,0.5925166280940175,0.042735042735042736,81.14812499999996,6.639831262307851,20,0.021367521367521368,0.8461538461538461,False,True,False,0.00952380952380949,1609616469
ChaCha20,teaching_weight_sweep,teacher_assisted_then_off,5,76379213,ES+teacher training,poisson_excitatory,10.0,300.0,117,0.5935272690840065,0.013888888888888888,82.05875,6.723249897720018,9,0.009615384615384616,0.9230769230769231,False,True,False,0.9142857142857143,1609616469
ChaCha20,teaching_weight_sweep,teacher_assisted_then_off,5,76379213,ES+teacher training,poisson_excitatory,10.0,600.0,117,0.592883134027943,0.08333333333333333,87.083125,6.994164687961428,49,0.05235042735042735,0.6239316239316239,False,True,False,0.00952380952380949,1609616469
ChaCha20,teaching_weight_sweep,teacher_assisted_then_off,5,76379213,ES+teacher training,poisson_excitatory,10.0,900.0,117,0.5933134399820119,0.09081196581196581,89.35500000000003,7.123558243950358,37,0.03952991452991453,0.7094017094017093,False,True,False,0.00952380952380949,1609616469
ChaCha20,teaching_weight_sweep,teacher_assisted_then_off,5,76379213,ES+teacher training,poisson_excitatory,10.0,1200.0,117,0.6065260008908808,0.08012820512820513,89.62312499999999,7.147335463598791,29,0.030982905982905984,0.7692307692307692,False,True,False,0.00952380952380949,1609616469
ChaCha20,teaching_weight_sweep,teacher_assisted_then_off,6,495199684,ES+teacher training,poisson_excitatory,10.0,0.0,117,0.5956357421819121,0.038461538461538464,81.23312500000007,6.643142779805632,16,0.017094017094017096,0.8717948717948718,False,True,False,0.00952380952380949,1780316834
ChaCha20,teaching_weight_sweep,teacher_assisted_then_off,6,495199684,ES+teacher training,poisson_excitatory,10.0,300.0,117,0.6050329939462245,0.011752136752136752,81.78687500000004,6.700243447784613,8,0.008547008547008548,0.9316239316239316,False,True,False,0.0,1780316834
ChaCha20,teaching_weight_sweep,teacher_assisted_then_off,6,495199684,ES+teacher training,poisson_excitatory,10.0,600.0,117,0.5998326551634818,0.07692307692307693,86.79874999999994,6.978013117453744,47,0.050213675213675216,0.6324786324786325,False,True,False,0.0,1780316834
ChaCha20,teaching_weight_sweep,teacher_assisted_then_off,6,495199684,ES+teacher training,poisson_excitatory,10.0,900.0,117,0.5980275380425155,0.09722222222222222,89.69687499999999,7.142305236102852,41,0.0438034188034188,0.6666666666666667,False,True,False,0.00952380952380949,1780316834
ChaCha20,teaching_weight_sweep,teacher_assisted_then_off,6,495199684,ES+teacher training,poisson_excitatory,10.0,1200.0,117,0.6068456931971014,0.0811965811965812,90.315,7.187146266951291,29,0.030982905982905984,0.7692307692307692,False,True,False,0.0,1780316834
ChaCha20,teaching_weight_sweep,teacher_assisted_then_off,7,1786975546,ES+teacher training,poisson_excitatory,10.0,0.0,117,0.5898733951617032,0.03311965811965812,80.41999999999997,6.595612291536399,16,0.017094017094017096,0.8803418803418803,False,True,False,0.0,1335290529
ChaCha20,teaching_weight_sweep,teacher_assisted_then_off,7,1786975546,ES+teacher training,poisson_excitatory,10.0,300.0,117,0.5935948928818107,0.011752136752136752,81.48687499999996,6.687910522985764,9,0.009615384615384616,0.9230769230769231,False,True,False,0.0,1335290529
ChaCha20,teaching_weight_sweep,teacher_assisted_then_off,7,1786975546,ES+teacher training,poisson_excitatory,10.0,600.0,117,0.595462593017146,0.07158119658119658,86.32812499999997,6.951177243063109,48,0.05128205128205128,0.6068376068376069,False,True,False,0.0,1335290529
ChaCha20,teaching_weight_sweep,teacher_assisted_then_off,7,1786975546,ES+teacher training,poisson_excitatory,10.0,900.0,117,0.59539601393044,0.1014957264957265,89.7525,7.145594999222474,44,0.04700854700854701,0.641025641025641,False,True,False,0.0,1335290529
ChaCha20,teaching_weight_sweep,teacher_assisted_then_off,7,1786975546,ES+teacher training,poisson_excitatory,10.0,1200.0,117,0.6078662378713489,0.08012820512820513,90.03375000000001,7.170246084892035,28,0.029914529914529916,0.7777777777777778,False,True,False,0.0,1335290529
ChaCha20,teaching_weight_sweep,teacher_assisted_then_off,8,2050754760,ES+teacher training,poisson_excitatory,10.0,0.0,117,0.5935747961048037,0.03632478632478633,80.90187500000002,6.625364468239164,20,0.021367521367521368,0.8461538461538461,False,True,False,0.00952380952380949,768443795
ChaCha20,teaching_weight_sweep,teacher_assisted_then_off,8,2050754760,ES+teacher training,poisson_excitatory,10.0,300.0,117,0.6017115691211075,0.014957264957264958,81.75874999999998,6.696774774217493,7,0.007478632478632479,0.9401709401709402,False,True,False,0.0,768443795
ChaCha20,teaching_weight_sweep,teacher_assisted_then_off,8,2050754760,ES+teacher training,poisson_excitatory,10.0,600.0,117,0.5932734759990126,0.08333333333333333,86.93312499999996,6.982104711602908,52,0.05555555555555555,0.5726495726495726,False,True,False,0.0,768443795
ChaCha20,teaching_weight_sweep,teacher_assisted_then_off,8,2050754760,ES+teacher training,poisson_excitatory,10.0,900.0,117,0.5935427360236645,0.09829059829059829,89.55562499999994,7.131635887684306,44,0.04700854700854701,0.641025641025641,False,True,False,0.0,768443795
ChaCha20,teaching_weight_sweep,teacher_assisted_then_off,8,2050754760,ES+teacher training,poisson_excitatory,10.0,1200.0,117,0.6005774070508778,0.07905982905982906,90.21812499999999,7.176533794777813,29,0.030982905982905984,0.7606837606837606,False,True,False,0.00952380952380949,768443795
ChaCha20,teaching_weight_sweep,teacher_assisted_then_off,9,221984818,ES+teacher training,poisson_excitatory,10.0,0.0,117,0.5908251968212426,0.038461538461538464,81.47750000000005,6.667410715633067,17,0.018162393162393164,0.8547008547008547,False,True,False,0.00952380952380949,138810770
ChaCha20,teaching_weight_sweep,teacher_assisted_then_off,9,221984818,ES+teacher training,poisson_excitatory,10.0,300.0,117,0.5949569400399923,0.010683760683760684,81.756875,6.702819714496849,2,0.002136752136752137,0.9829059829059829,False,True,False,0.9809523809523809,138810770
ChaCha20,teaching_weight_sweep,teacher_assisted_then_off,9,221984818,ES+teacher training,poisson_excitatory,10.0,600.0,117,0.5914711009245366,0.08974358974358974,87.09999999999997,6.996320147911538,50,0.053418803418803416,0.6068376068376069,False,True,False,0.0,138810770
ChaCha20,teaching_weight_sweep,teacher_assisted_then_off,9,221984818,ES+teacher training,poisson_excitatory,10.0,900.0,117,0.5937006720341742,0.09829059829059829,89.53187499999999,7.136491576914082,42,0.04487179487179487,0.6666666666666667,False,True,False,0.0,138810770
ChaCha20,teaching_weight_sweep,teacher_assisted_then_off,9,221984818,ES+teacher training,poisson_excitatory,10.0,1200.0,117,0.5961768729612231,0.07905982905982906,89.794375,7.1588211346621256,26,0.027777777777777776,0.7948717948717949,False,True,False,0.0,138810770
RSA,teaching_weight_sweep,teacher_assisted_then_off,0,652427276,ES+teacher training,poisson_excitatory,10.0,0.0,256,1.3159144800156355,0.0546875,184.42437499999988,10.109281682500551,60,0.029296875,0.78125,False,False,False,,1406888422
RSA,teaching_weight_sweep,teacher_assisted_then_off,0,652427276,ES+teacher training,poisson_excitatory,10.0,300.0,256,1.312039562035352,0.07177734375,197.42937499999994,10.64854344704486,71,0.03466796875,0.75,False,False,False,,1406888422
RSA,teaching_weight_sweep,teacher_assisted_then_off,0,652427276,ES+teacher training,poisson_excitatory,10.0,600.0,256,1.3049496449530125,0.033203125,200.28687499999995,10.846708099103067,27,0.01318359375,0.90234375,False,False,False,,1406888422
RSA,teaching_weight_sweep,teacher_assisted_then_off,0,652427276,ES+teacher training,poisson_excitatory,10.0,900.0,256,1.305825717980042,0.0244140625,204.25749999999994,11.099785348739058,31,0.01513671875,0.87890625,False,False,False,,1406888422
RSA,teaching_weight_sweep,teacher_assisted_then_off,0,652427276,ES+teacher training,poisson_excitatory,10.0,1200.0,256,1.3093802861403674,0.0712890625,212.84437499999981,11.44070004795389,76,0.037109375,0.75,False,False,False,,1406888422
RSA,teaching_weight_sweep,teacher_assisted_then_off,1,1373900706,ES+teacher training,poisson_excitatory,10.0,0.0,256,1.310528454836458,0.05126953125,184.27750000000006,10.101745442385553,50,0.0244140625,0.8125,False,False,False,,1985018335
RSA,teaching_weight_sweep,teacher_assisted_then_off,1,1373900706,ES+teacher training,poisson_excitatory,10.0,300.0,256,1.3018441069871187,0.076171875,197.51249999999985,10.645999095193673,67,0.03271484375,0.765625,False,False,False,,1985018335
RSA,teaching_weight_sweep,teacher_assisted_then_off,1,1373900706,ES+teacher training,poisson_excitatory,10.0,600.0,256,1.3139714419376105,0.02685546875,199.81375000000008,10.827445787854508,22,0.0107421875,0.921875,False,False,False,,1985018335
RSA,teaching_weight_sweep,teacher_assisted_then_off,1,1373900706,ES+teacher training,poisson_excitatory,10.0,900.0,256,1.3190779788419604,0.01953125,203.9581250000001,11.086164315640978,23,0.01123046875,0.91015625,False,False,False,,1985018335
RSA,teaching_weight_sweep,teacher_assisted_then_off,1,1373900706,ES+teacher training,poisson_excitatory,10.0,1200.0,256,1.3061471621040255,0.064453125,211.66624999999996,11.394256193697966,64,0.03125,0.78515625,False,False,False,,1985018335
RSA,teaching_weight_sweep,teacher_assisted_then_off,2,1223515895,ES+teacher training,poisson_excitatory,10.0,0.0,256,1.3083653307985514,0.05712890625,185.4875,10.147850436487932,58,0.0283203125,0.79296875,False,False,False,,1136480272
RSA,teaching_weight_sweep,teacher_assisted_then_off,2,1223515895,ES+teacher training,poisson_excitatory,10.0,300.0,256,1.3117749721277505,0.07568359375,197.57249999999993,10.647606606525063,66,0.0322265625,0.76953125,False,False,False,,1136480272
RSA,teaching_weight_sweep,teacher_assisted_then_off,2,1223515895,ES+teacher training,poisson_excitatory,10.0,600.0,256,1.2992363669909537,0.0322265625,200.776875,10.85949241619269,29,0.01416015625,0.890625,False,False,False,,1136480272
RSA,teaching_weight_sweep,teacher_assisted_then_off,2,1223515895,ES+teacher training,poisson_excitatory,10.0,900.0,256,1.3075770849827677,0.0234375,204.77687500000008,11.119595046441791,37,0.01806640625,0.86328125,False,False,False,,1136480272
RSA,teaching_weight_sweep,teacher_assisted_then_off,2,1223515895,ES+teacher training,poisson_excitatory,10.0,1200.0,256,1.3105406938120723,0.06884765625,212.56124999999992,11.427451873659042,71,0.03466796875,0.76171875,False,False,False,,1136480272
RSA,teaching_weight_sweep,teacher_assisted_then_off,3,1072328325,ES+teacher training,poisson_excitatory,10.0,0.0,256,1.3065708300564438,0.0498046875,184.0849999999998,10.094552472446077,45,0.02197265625,0.83203125,False,False,False,,1714872339
RSA,teaching_weight_sweep,teacher_assisted_then_off,3,1072328325,ES+teacher training,poisson_excitatory,10.0,300.0,256,1.2901353971101344,0.07568359375,197.30625000000003,10.63789053948923,69,0.03369140625,0.76953125,False,False,False,,1714872339
RSA,teaching_weight_sweep,teacher_assisted_then_off,3,1072328325,ES+teacher training,poisson_excitatory,10.0,600.0,256,1.299602499930188,0.0244140625,199.5693750000001,10.813651162416924,21,0.01025390625,0.91796875,False,False,False,,1714872339
RSA,teaching_weight_sweep,teacher_assisted_then_off,3,1072328325,ES+teacher training,poisson_excitatory,10.0,900.0,256,1.3106530539225787,0.01953125,204.3412500000001,11.101539366497477,27,0.01318359375,0.89453125,False,False,False,,1714872339
RSA,teaching_weight_sweep,teacher_assisted_then_off,3,1072328325,ES+teacher training,poisson_excitatory,10.0,1200.0,256,1.3048137549776584,0.06640625,211.75812499999986,11.399204358320631,70,0.0341796875,0.76953125,False,False,False,,1714872339
RSA,teaching_weight_sweep,teacher_assisted_then_off,4,563018787,ES+teacher training,poisson_excitatory,10.0,0.0,256,1.3006518429610878,0.056640625,185.1381250000001,10.141216535313008,58,0.0283203125,0.80078125,False,False,False,,677782378
RSA,teaching_weight_sweep,teacher_assisted_then_off,4,563018787,ES+teacher training,poisson_excitatory,10.0,300.0,256,1.2975962958298624,0.07080078125,197.5756249999999,10.650629400526714,65,0.03173828125,0.77734375,False,False,False,,677782378
RSA,teaching_weight_sweep,teacher_assisted_then_off,4,563018787,ES+teacher training,poisson_excitatory,10.0,600.0,256,1.2899567130953074,0.02587890625,200.2375,10.849064454107898,27,0.01318359375,0.8984375,False,False,False,,677782378
RSA,teaching_weight_sweep,teacher_assisted_then_off,4,563018787,ES+teacher training,poisson_excitatory,10.0,900.0,256,1.3000070678535849,0.02490234375,204.181875,11.109005917099164,38,0.0185546875,0.859375,False,False,False,,677782378
RSA,teaching_weight_sweep,teacher_assisted_then_off,4,563018787,ES+teacher training,poisson_excitatory,10.0,1200.0,256,1.3008731838781387,0.07177734375,212.55312499999985,11.442146247282773,76,0.037109375,0.75,False,False,False,,677782378
RSA,teaching_weight_sweep,teacher_assisted_then_off,5,1451871129,ES+teacher training,poisson_excitatory,10.0,0.0,256,1.3031632921192795,0.05615234375,185.24312499999996,10.153780970989652,56,0.02734375,0.796875,False,False,False,,233681785
RSA,teaching_weight_sweep,teacher_assisted_then_off,5,1451871129,ES+teacher training,poisson_excitatory,10.0,300.0,256,1.3062237480189651,0.07568359375,197.90249999999995,10.661542068811457,72,0.03515625,0.75390625,False,False,False,,233681785
RSA,teaching_weight_sweep,teacher_assisted_then_off,5,1451871129,ES+teacher training,poisson_excitatory,10.0,600.0,256,1.298458430916071,0.0322265625,201.321875,10.88391754783876,30,0.0146484375,0.890625,False,False,False,,233681785
RSA,teaching_weight_sweep,teacher_assisted_then_off,5,1451871129,ES+teacher training,poisson_excitatory,10.0,900.0,256,1.3057352928444743,0.02978515625,205.11812500000002,11.148737958030548,34,0.0166015625,0.87109375,False,False,False,,233681785
RSA,teaching_weight_sweep,teacher_assisted_then_off,5,1451871129,ES+teacher training,poisson_excitatory,10.0,1200.0,256,1.312307331012562,0.07275390625,212.95312499999986,11.460255101819044,75,0.03662109375,0.75,False,False,False,,233681785
RSA,teaching_weight_sweep,teacher_assisted_then_off,6,1333828350,ES+teacher training,poisson_excitatory,10.0,0.0,256,1.3218106259591877,0.05517578125,185.14624999999987,10.146016692313758,49,0.02392578125,0.81640625,False,False,False,,939525448
RSA,teaching_weight_sweep,teacher_assisted_then_off,6,1333828350,ES+teacher training,poisson_excitatory,10.0,300.0,256,1.301171091152355,0.07275390625,197.37124999999992,10.644563864563905,64,0.03125,0.77734375,False,False,False,,939525448
RSA,teaching_weight_sweep,teacher_assisted_then_off,6,1333828350,ES+teacher training,poisson_excitatory,10.0,600.0,256,1.2979928308632225,0.029296875,200.70499999999993,10.860947346155928,23,0.01123046875,0.9140625,False,False,False,,939525448
RSA,teaching_weight_sweep,teacher_assisted_then_off,6,1333828350,ES+teacher training,poisson_excitatory,10.0,900.0,256,1.3094449799973518,0.02197265625,204.48312499999997,11.116169143536585,28,0.013671875,0.90234375,False,False,False,,939525448
RSA,teaching_weight_sweep,teacher_assisted_then_off,6,1333828350,ES+teacher training,poisson_excitatory,10.0,1200.0,256,1.3143891708459705,0.06640625,212.2093749999999,11.423937106445821,66,0.0322265625,0.78515625,False,False,False,,939525448
RSA,teaching_weight_sweep,teacher_assisted_then_off,7,948415084,ES+teacher training,poisson_excitatory,10.0,0.0,256,1.31023552804254,0.05615234375,185.55312500000002,10.154561320208982,56,0.02734375,0.796875,False,False,False,,495686973
RSA,teaching_weight_sweep,teacher_assisted_then_off,7,948415084,ES+teacher training,poisson_excitatory,10.0,300.0,256,1.3158115521073341,0.07470703125,197.99812499999985,10.670727244610125,70,0.0341796875,0.75390625,False,False,False,,495686973
RSA,teaching_weight_sweep,teacher_assisted_then_off,7,948415084,ES+teacher training,poisson_excitatory,10.0,600.0,256,1.2975191520527005,0.0302734375,200.650625,10.860460291521282,32,0.015625,0.875,False,False,False,,495686973
RSA,teaching_weight_sweep,teacher_assisted_then_off,7,948415084,ES+teacher training,poisson_excitatory,10.0,900.0,256,1.3141875020228326,0.02880859375,205.5737500000002,11.15886851225805,38,0.0185546875,0.85546875,False,False,False,,495686973
RSA,teaching_weight_sweep,teacher_assisted_then_off,7,948415084,ES+teacher training,poisson_excitatory,10.0,1200.0,256,1.2999305571429431,0.07177734375,212.79437499999977,11.448135963220977,78,0.0380859375,0.74609375,False,False,False,,495686973
RSA,teaching_weight_sweep,teacher_assisted_then_off,8,674805758,ES+teacher training,poisson_excitatory,10.0,0.0,256,1.2981255669146776,0.05322265625,184.67625000000004,10.125300162722564,54,0.0263671875,0.796875,False,False,False,,2144401975
RSA,teaching_weight_sweep,teacher_assisted_then_off,8,674805758,ES+teacher training,poisson_excitatory,10.0,300.0,256,1.307462606113404,0.07373046875,197.29499999999996,10.638766199248163,74,0.0361328125,0.73828125,False,False,False,,2144401975
RSA,teaching_weight_sweep,teacher_assisted_then_off,8,674805758,ES+teacher training,poisson_excitatory,10.0,600.0,256,1.2970449209678918,0.02978515625,200.39187500000003,10.838871830164807,30,0.0146484375,0.88671875,False,False,False,,2144401975
RSA,teaching_weight_sweep,teacher_assisted_then_off,8,674805758,ES+teacher training,poisson_excitatory,10.0,900.0,256,1.3142278920859098,0.017578125,203.67562499999997,11.075308105596015,28,0.013671875,0.890625,False,False,False,,2144401975
RSA,teaching_weight_sweep,teacher_assisted_then_off,8,674805758,ES+teacher training,poisson_excitatory,10.0,1200.0,256,1.3068368900567293,0.06640625,212.03375,11.410211548605192,69,0.03369140625,0.76953125,False,False,False,,2144401975
RSA,teaching_weight_sweep,teacher_assisted_then_off,9,1597998960,ES+teacher training,poisson_excitatory,10.0,0.0,256,1.3131845148745924,0.05810546875,185.29312499999986,10.148266658076391,59,0.02880859375,0.7890625,False,False,False,,1515940396
RSA,teaching_weight_sweep,teacher_assisted_then_off,9,1597998960,ES+teacher training,poisson_excitatory,10.0,300.0,256,1.3190204692073166,0.07421875,196.96937499999999,10.62905050569684,69,0.03369140625,0.74609375,False,False,False,,1515940396
RSA,teaching_weight_sweep,teacher_assisted_then_off,9,1597998960,ES+teacher training,poisson_excitatory,10.0,600.0,256,1.29630030808039,0.0283203125,200.25437499999995,10.842109689095619,24,0.01171875,0.90625,False,False,False,,1515940396
RSA,teaching_weight_sweep,teacher_assisted_then_off,9,1597998960,ES+teacher training,poisson_excitatory,10.0,900.0,256,1.3118860148824751,0.0234375,204.1149999999999,11.097008447828742,30,0.0146484375,0.890625,False,False,False,,1515940396
RSA,teaching_weight_sweep,teacher_assisted_then_off,9,1597998960,ES+teacher training,poisson_excitatory,10.0,1200.0,256,1.308282074984163,0.0693359375,212.53874999999994,11.429732556458266,71,0.03466796875,0.765625,False,False,False,,1515940396
ECIES,teaching_weight_sweep,teacher_assisted_then_off,0,1139045564,ES+teacher training,poisson_excitatory,10.0,0.0,198,0.9972196780145168,0.00946969696969697,136.66000000000008,8.654473446101413,5,0.0031565656565656565,0.9747474747474747,False,False,False,,1474783719
ECIES,teaching_weight_sweep,teacher_assisted_then_off,0,1139045564,ES+teacher training,poisson_excitatory,10.0,300.0,198,1.0104835389647633,0.10164141414141414,150.0,9.221922724942825,92,0.05808080808080808,0.6363636363636364,False,False,False,,1474783719
ECIES,teaching_weight_sweep,teacher_assisted_then_off,0,1139045564,ES+teacher training,poisson_excitatory,10.0,600.0,198,1.0172816910780966,0.06060606060606061,153.24687499999987,9.396320839735335,41,0.025883838383838384,0.8131313131313131,False,False,False,,1474783719
ECIES,teaching_weight_sweep,teacher_assisted_then_off,0,1139045564,ES+teacher training,poisson_excitatory,10.0,900.0,198,1.004927742993459,0.025883838383838384,154.64874999999995,9.522580445390453,20,0.012626262626262626,0.9040404040404041,False,False,False,,1474783719
ECIES,teaching_weight_sweep,teacher_assisted_then_off,0,1139045564,ES+teacher training,poisson_excitatory,10.0,1200.0,198,1.0114066551905125,0.025252525252525252,156.55749999999998,9.631390557986581,24,0.015151515151515152,0.8787878787878788,False,False,False,,1474783719
ECIES,teaching_weight_sweep,teacher_assisted_then_off,1,887309358,ES+teacher training,poisson_excitatory,10.0,0.0,198,1.0205420348793268,0.008207070707070708,137.11000000000007,8.6782062115597,7,0.004419191919191919,0.9696969696969697,False,False,False,,1919744476
ECIES,teaching_weight_sweep,teacher_assisted_then_off,1,887309358,ES+teacher training,poisson_excitatory,10.0,300.0,198,1.0104445819742978,0.09532828282828283,149.4493750000001,9.192123522353512,92,0.05808080808080808,0.6363636363636364,False,False,False,,1919744476
ECIES,teaching_weight_sweep,teacher_assisted_then_off,1,887309358,ES+teacher training,poisson_excitatory,10.0,600.0,198,1.003437225939706,0.05555555555555555,153.15749999999997,9.388861079646649,43,0.027146464646464648,0.8131313131313131,False,False,False,,1919744476
ECIES,teaching_weight_sweep,teacher_assisted_then_off,1,887309358,ES+teacher training,poisson_excitatory,10.0,900.0,198,0.9981235659215599,0.021464646464646464,154.5299999999999,9.516027324132361,15,0.00946969696969697,0.9343434343434344,False,False,False,,1919744476
ECIES,teaching_weight_sweep,teacher_assisted_then_off,1,887309358,ES+teacher training,poisson_excitatory,10.0,1200.0,198,1.015192958060652,0.027777777777777776,156.71062499999996,9.644216085021895,22,0.013888888888888888,0.8888888888888888,False,False,False,,1919744476
ECIES,teaching_weight_sweep,teacher_assisted_then_off,2,770315753,ES+teacher training,poisson_excitatory,10.0,0.0,198,1.0076861081179231,0.006313131313131313,136.63062500000007,8.650117888566045,6,0.003787878787878788,0.9696969696969697,False,False,False,,1199656971
ECIES,teaching_weight_sweep,teacher_assisted_then_off,2,770315753,ES+teacher training,poisson_excitatory,10.0,300.0,198,1.0010232459753752,0.09659090909090909,149.49812500000002,9.19230813110201,86,0.054292929292929296,0.6565656565656566,False,False,False,,1199656971
ECIES,teaching_weight_sweep,teacher_assisted_then_off,2,770315753,ES+teacher training,poisson_excitatory,10.0,600.0,198,1.0076890881173313,0.05618686868686869,153.05812500000002,9.390442504766765,33,0.020833333333333332,0.8434343434343434,False,False,False,,1199656971
ECIES,teaching_weight_sweep,teacher_assisted_then_off,2,770315753,ES+teacher training,poisson_excitatory,10.0,900.0,198,0.9956647257786244,0.01893939393939394,154.27312499999994,9.500278096442356,13,0.008207070707070708,0.9393939393939394,False,False,False,,1199656971
ECIES,teaching_weight_sweep,teacher_assisted_then_off,2,770315753,ES+teacher training,poisson_excitatory,10.0,1200.0,198,1.0119435279630125,0.022095959595959596,156.15125,9.612171776880654,20,0.012626262626262626,0.9040404040404041,False,False,False,,1199656971
ECIES,teaching_weight_sweep,teacher_assisted_then_off,3,1525491027,ES+teacher training,poisson_excitatory,10.0,0.0,198,0.9990137179847807,0.004419191919191919,136.52937500000002,8.649429892413735,3,0.001893939393939394,0.9848484848484849,False,False,False,,1644879898
ECIES,teaching_weight_sweep,teacher_assisted_then_off,3,1525491027,ES+teacher training,poisson_excitatory,10.0,300.0,198,1.020433803088963,0.10101010101010101,150.03187500000007,9.219210533950413,92,0.05808080808080808,0.6363636363636364,False,False,False,,1644879898
ECIES,teaching_weight_sweep,teacher_assisted_then_off,3,1525491027,ES+teacher training,poisson_excitatory,10.0,600.0,198,1.0193741850089282,0.061237373737373736,153.0681249999999,9.389650404663001,43,0.027146464646464648,0.8080808080808081,False,False,False,,1644879898
ECIES,teaching_weight_sweep,teacher_assisted_then_off,3,1525491027,ES+teacher training,poisson_excitatory,10.0,900.0,198,1.0177197901066393,0.015151515151515152,153.78812500000004,9.477319836385748,13,0.008207070707070708,0.9343434343434344,False,False,False,,1644879898
ECIES,teaching_weight_sweep,teacher_assisted_then_off,3,1525491027,ES+teacher training,poisson_excitatory,10.0,1200.0,198,1.0143265100196004,0.020833333333333332,156.2706250000001,9.613569256407597,18,0.011363636363636364,0.9090909090909091,False,False,False,,1644879898
ECIES,teaching_weight_sweep,teacher_assisted_then_off,4,1149874357,ES+teacher training,poisson_excitatory,10.0,0.0,198,1.0097436010837555,0.007575757575757576,136.72500000000002,8.655693900338392,8,0.005050505050505051,0.9595959595959596,False,False,False,,744104817
ECIES,teaching_weight_sweep,teacher_assisted_then_off,4,1149874357,ES+teacher training,poisson_excitatory,10.0,300.0,198,0.9965618730057031,0.09532828282828283,149.433125,9.188351270487296,84,0.05303030303030303,0.6616161616161615,False,False,False,,744104817
ECIES,teaching_weight_sweep,teacher_assisted_then_off,4,1149874357,ES+teacher training,poisson_excitatory,10.0,600.0,198,1.0060170469805598,0.06439393939393939,153.0906249999999,9.385991533721134,47,0.029671717171717172,0.8080808080808081,False,False,False,,744104817
ECIES,teaching_weight_sweep,teacher_assisted_then_off,4,1149874357,ES+teacher training,poisson_excitatory,10.0,900.0,198,1.0089352640789002,0.017676767676767676,154.19312499999995,9.488498835249782,11,0.006944444444444444,0.9444444444444444,False,False,False,,744104817
ECIES,teaching_weight_sweep,teacher_assisted_then_off,4,1149874357,ES+teacher training,poisson_excitatory,10.0,1200.0,198,1.0108013530261815,0.020833333333333332,156.03812500000004,9.602421851916478,14,0.008838383838383838,0.9292929292929293,False,False,False,,744104817
ECIES,teaching_weight_sweep,teacher_assisted_then_off,5,864976967,ES+teacher training,poisson_excitatory,10.0,0.0,198,1.0177831021137536,0.005681818181818182,136.811875,8.6648112732361,4,0.0025252525252525255,0.9797979797979798,False,False,False,,164737908
ECIES,teaching_weight_sweep,teacher_assisted_then_off,5,864976967,ES+teacher training,poisson_excitatory,10.0,300.0,198,1.0033501330763102,0.10037878787878787,149.76375000000004,9.203161881026293,93,0.058712121212121215,0.6363636363636364,False,False,False,,164737908
ECIES,teaching_weight_sweep,teacher_assisted_then_off,5,864976967,ES+teacher training,poisson_excitatory,10.0,600.0,198,1.0051227409858257,0.05808080808080808,153.16312499999987,9.395809158628785,38,0.023989898989898988,0.8232323232323232,False,False,False,,164737908
ECIES,teaching_weight_sweep,teacher_assisted_then_off,5,864976967,ES+teacher training,poisson_excitatory,10.0,900.0,198,1.009987313998863,0.017676767676767676,154.20624999999995,9.488344228762937,10,0.006313131313131313,0.9545454545454546,False,False,False,,164737908
ECIES,teaching_weight_sweep,teacher_assisted_then_off,5,864976967,ES+teacher training,poisson_excitatory,10.0,1200.0,198,1.0149363479577005,0.020833333333333332,156.34687499999993,9.616938749434517,16,0.010101010101010102,0.9191919191919192,False,False,False,,164737908
ECIES,teaching_weight_sweep,teacher_assisted_then_off,6,713544146,ES+teacher training,poisson_excitatory,10.0,0.0,198,1.0090848160907626,0.008838383838383838,137.08562500000005,8.678711112489015,8,0.005050505050505051,0.9595959595959596,False,False,False,,1010566469
ECIES,teaching_weight_sweep,teacher_assisted_then_off,6,713544146,ES+teacher training,poisson_excitatory,10.0,300.0,198,1.01609848998487,0.09217171717171717,149.14437500000003,9.178999377862272,85,0.05366161616161616,0.6616161616161615,False,False,False,,1010566469
ECIES,teaching_weight_sweep,teacher_assisted_then_off,6,713544146,ES+teacher training,poisson_excitatory,10.0,600.0,198,1.0168861818965524,0.05997474747474747,153.4143749999998,9.409592793672186,39,0.02462121212121212,0.8232323232323232,False,False,False,,1010566469
ECIES,teaching_weight_sweep,teacher_assisted_then_off,6,713544146,ES+teacher training,poisson_excitatory,10.0,900.0,198,1.0093346028588712,0.022727272727272728,154.71374999999992,9.51957333102709,15,0.00946969696969697,0.9292929292929293,False,False,False,,1010566469
ECIES,teaching_weight_sweep,teacher_assisted_then_off,6,713544146,ES+teacher training,poisson_excitatory,10.0,1200.0,198,1.0038638939149678,0.027777777777777776,156.91249999999997,9.654149734820074,20,0.012626262626262626,0.898989898989899,False,False,False,,1010566469
ECIES,teaching_weight_sweep,teacher_assisted_then_off,7,1568727388,ES+teacher training,poisson_excitatory,10.0,0.0,198,1.01030384702608,0.004419191919191919,136.48000000000008,8.640514884159543,4,0.0025252525252525255,0.9797979797979798,False,False,False,,431461694
ECIES,teaching_weight_sweep,teacher_assisted_then_off,7,1568727388,ES+teacher training,poisson_excitatory,10.0,300.0,198,1.0106492252089083,0.10164141414141414,150.26124999999996,9.223128670681874,88,0.05555555555555555,0.6414141414141414,False,False,False,,431461694
ECIES,teaching_weight_sweep,teacher_assisted_then_off,7,1568727388,ES+teacher training,poisson_excitatory,10.0,600.0,198,1.0067790881730616,0.06060606060606061,153.16562499999995,9.388397194887832,41,0.025883838383838384,0.8131313131313131,False,False,False,,431461694
ECIES,teaching_weight_sweep,teacher_assisted_then_off,7,1568727388,ES+teacher training,poisson_excitatory,10.0,900.0,198,1.0092673969920725,0.025252525252525252,154.72999999999996,9.515482004331195,18,0.011363636363636364,0.9141414141414141,False,False,False,,431461694
ECIES,teaching_weight_sweep,teacher_assisted_then_off,7,1568727388,ES+teacher training,poisson_excitatory,10.0,1200.0,198,1.010052619036287,0.019570707070707072,156.25000000000006,9.618987518375256,18,0.011363636363636364,0.9141414141414141,False,False,False,,431461694
ECIES,teaching_weight_sweep,teacher_assisted_then_off,8,1296039114,ES+teacher training,poisson_excitatory,10.0,0.0,198,1.0013656460214406,0.008207070707070708,137.14875,8.668578108671603,6,0.003787878787878788,0.9696969696969697,False,False,False,,2079128118
ECIES,teaching_weight_sweep,teacher_assisted_then_off,8,1296039114,ES+teacher training,poisson_excitatory,10.0,300.0,198,1.003341066185385,0.0946969696969697,149.73312499999997,9.198624975352796,85,0.05366161616161616,0.6717171717171717,False,False,False,,2079128118
ECIES,teaching_weight_sweep,teacher_assisted_then_off,8,1296039114,ES+teacher training,poisson_excitatory,10.0,600.0,198,1.0026878949720412,0.056818181818181816,153.20687499999994,9.396210788211505,36,0.022727272727272728,0.8333333333333334,False,False,False,,2079128118
ECIES,teaching_weight_sweep,teacher_assisted_then_off,8,1296039114,ES+teacher training,poisson_excitatory,10.0,900.0,198,1.0197967390995473,0.01452020202020202,154.50749999999996,9.501906669673327,9,0.005681818181818182,0.9545454545454546,False,False,False,,2079128118
ECIES,teaching_weight_sweep,teacher_assisted_then_off,8,1296039114,ES+teacher training,poisson_excitatory,10.0,1200.0,198,1.009255891898647,0.022095959595959596,156.63249999999994,9.629469658241366,22,0.013888888888888888,0.8888888888888888,False,False,False,,2079128118
ECIES,teaching_weight_sweep,teacher_assisted_then_off,9,976800864,ES+teacher training,poisson_excitatory,10.0,0.0,198,1.0023087481968105,0.007575757575757576,137.24375000000012,8.675380295445724,5,0.0031565656565656565,0.9747474747474747,False,False,False,,1583835695
ECIES,teaching_weight_sweep,teacher_assisted_then_off,9,976800864,ES+teacher training,poisson_excitatory,10.0,300.0,198,1.0184689911548048,0.0946969696969697,149.81062499999996,9.209647804894239,81,0.05113636363636364,0.6818181818181819,False,False,False,,1583835695
ECIES,teaching_weight_sweep,teacher_assisted_then_off,9,976800864,ES+teacher training,poisson_excitatory,10.0,600.0,198,1.0045486520975828,0.06186868686868687,153.90999999999997,9.43006095369956,39,0.02462121212121212,0.8232323232323232,False,False,False,,1583835695
ECIES,teaching_weight_sweep,teacher_assisted_then_off,9,976800864,ES+teacher training,poisson_excitatory,10.0,900.0,198,1.0077917240560055,0.020202020202020204,154.78062499999987,9.52335615041134,12,0.007575757575757576,0.9393939393939394,False,False,False,,1583835695
ECIES,teaching_weight_sweep,teacher_assisted_then_off,9,976800864,ES+teacher training,poisson_excitatory,10.0,1200.0,198,1.01009675511159,0.023989898989898988,156.9875,9.65632220637917,19,0.011994949494949494,0.9090909090909091,False,False,False,,1583835695
