algorithm,teacher_weight,n_trials,ber_mean,ber_std,ber_median,ber_q25,ber_q75,ber_ci95_low,ber_ci95_high,bit_errors_mean,bit_errors_std,bit_errors_median,bit_errors_q25,bit_errors_q75,bit_errors_ci95_low,bit_errors_ci95_high,ciphertext_byte_accuracy_mean,ciphertext_byte_accuracy_std,ciphertext_byte_accuracy_median,ciphertext_byte_accuracy_q25,ciphertext_byte_accuracy_q75,ciphertext_byte_accuracy_ci95_low,ciphertext_byte_accuracy_ci95_high,exact_ciphertext_recovery_mean,exact_ciphertext_recovery_std,exact_ciphertext_recovery_median,exact_ciphertext_recovery_q25,exact_ciphertext_recovery_q75,exact_ciphertext_recovery_ci95_low,exact_ciphertext_recovery_ci95_high,exact_ciphertext_recovery_wilson95_low,exact_ciphertext_recovery_wilson95_high,decryption_success_mean,decryption_success_std,decryption_success_median,decryption_success_q25,decryption_success_q75,decryption_success_ci95_low,decryption_success_ci95_high,decryption_success_wilson95_low,decryption_success_wilson95_high,exact_plaintext_recovery_mean,exact_plaintext_recovery_std,exact_plaintext_recovery_median,exact_plaintext_recovery_q25,exact_plaintext_recovery_q75,exact_plaintext_recovery_ci95_low,exact_plaintext_recovery_ci95_high,exact_plaintext_recovery_wilson95_low,exact_plaintext_recovery_wilson95_high,decoder_tie_fraction_mean,decoder_tie_fraction_std,decoder_tie_fraction_median,decoder_tie_fraction_q25,decoder_tie_fraction_q75,decoder_tie_fraction_ci95_low,decoder_tie_fraction_ci95_high,victor_purpura_mean_mean,victor_purpura_mean_std,victor_purpura_mean_median,victor_purpura_mean_q25,victor_purpura_mean_q75,victor_purpura_mean_ci95_low,victor_purpura_mean_ci95_high,van_rossum_mean_mean,van_rossum_mean_std,van_rossum_mean_median,van_rossum_mean_q25,van_rossum_mean_q75,van_rossum_mean_ci95_low,van_rossum_mean_ci95_high,simulation_wall_s_mean,simulation_wall_s_std,simulation_wall_s_median,simulation_wall_s_q25,simulation_wall_s_q75,simulation_wall_s_ci95_low,simulation_wall_s_ci95_high,plaintext_byte_accuracy_mean,plaintext_byte_accuracy_std,plaintext_byte_accuracy_median,plaintext_byte_accuracy_q25,plaintext_byte_accuracy_q75,plaintext_byte_accuracy_ci95_low,plaintext_byte_accuracy_ci95_high
AES,0.0,10,0.0177734375,0.0011086840081983333,0.0185546875,0.016845703125,0.0185546875,0.01708984375,0.018359375,18.2,1.1352924243950933,19.0,17.25,19.0,17.5,18.8,0.86328125,0.015296015787071264,0.859375,0.8515625,0.865234375,0.8546875,0.87265625,0.0,0.0,0.0,0.0,0.0,0.0,0.0,0.0,0.2775327998628892,0.0,0.0,0.0,0.0,0.0,0.0,0.0,0.0,0.2775327998628892,0.0,0.0,0.0,0.0,0.0,0.0,0.0,0.0,0.2775327998628892,0.03583984375,0.0015302941762425988,0.0361328125,0.0361328125,0.036865234375,0.03486328125,0.03662109375,88.60643750000004,0.17567455558265627,88.63718750000004,88.47187500000004,88.74703125000005,88.50152656250005,88.70231406250005,6.936277460876117,0.012738485553227775,6.937338394437132,6.928078456473537,6.941492345743933,6.928873882099406,6.943905431504924,0.6522873015841469,0.005131731042093343,0.6532604194944724,0.6478942147223279,0.6544283891562372,0.649259176881751,0.6552262941328808,,,,,,,
AES,300.0,10,0.0111328125,0.0022646519701726674,0.01171875,0.0107421875,0.0126953125,0.009765625,0.01240234375,11.4,2.3190036174568114,12.0,11.0,13.0,9.9,12.7,0.91484375,0.016242152218242368,0.9140625,0.900390625,0.919921875,0.90546875,0.925,0.0,0.0,0.0,0.0,0.0,0.0,0.0,0.0,0.2775327998628892,0.2,0.42163702135578396,0.0,0.0,0.0,0.0,0.5,0.05668215145437519,0.5098375284633583,0.0,0.0,0.0,0.0,0.0,0.0,0.0,0.0,0.2775327998628892,0.023828125,0.0026122920114243333,0.02392578125,0.022705078125,0.02587890625,0.022265625,0.025295410156249986,89.91550000000004,0.23281150726858127,89.88125000000005,89.84890625000006,90.08515625000004,89.78105468750005,90.04575468750005,7.034689246645892,0.015097185804346666,7.035970329334296,7.026951382954387,7.042814994322953,7.025443338726689,7.043279224683254,0.6522020705742761,0.005075832284357921,0.6509720284957439,0.6486193336895667,0.65634708001744,0.6493486449838383,0.6554516989254626,0.41904761904761906,0.12121830534626525,0.41904761904761906,0.3761904761904762,0.46190476190476193,0.33333333333333337,0.5047619047619047
AES,600.0,10,0.05712890625,0.002847144479904932,0.05712890625,0.054931640625,0.058349609375,0.05546875,0.05888671875,58.5,2.9154759474226504,58.5,56.25,59.75,56.9,60.3,0.6015625,0.01948779888944761,0.60546875,0.595703125,0.609375,0.58984375,0.6125,0.0,0.0,0.0,0.0,0.0,0.0,0.0,0.0,0.2775327998628892,0.0,0.0,0.0,0.0,0.0,0.0,0.0,0.0,0.2775327998628892,0.0,0.0,0.0,0.0,0.0,0.0,0.0,0.0,0.2775327998628892,0.11044921875,0.0038639747983656046,0.1103515625,0.108642578125,0.11181640625,0.108203125,0.11279541015624998,97.168,0.2729355591425119,97.14125000000003,97.00406250000002,97.21328125,97.01824218750001,97.33133749999999,7.415961903233759,0.01684069822277886,7.411435851063112,7.403123797755635,7.4257041241198944,7.406702290560354,7.4267688059700285,0.6560395484557375,0.004567005597379597,0.6562022959114984,0.6526434759725817,0.6596290017478168,0.6533007922727848,0.6587166299589444,,,,,,,
AES,900.0,10,0.0546875,0.0026445437515091015,0.05419921875,0.052978515625,0.0556640625,0.05322265625,0.05634765625,56.0,2.70801280154532,55.5,54.25,57.0,54.5,57.8,0.596875,0.014358384116760648,0.59765625,0.5859375,0.609375,0.5890625,0.60546875,0.0,0.0,0.0,0.0,0.0,0.0,0.0,0.0,0.2775327998628892,0.0,0.0,0.0,0.0,0.0,0.0,0.0,0.0,0.2775327998628892,0.0,0.0,0.0,0.0,0.0,0.0,0.0,0.0,0.2775327998628892,0.10625,0.0042142063366360045,0.1064453125,0.103515625,0.108154296875,0.10380859375,0.10869140625,99.19474999999998,0.26798797003472,99.3278125,99.07750000000001,99.3646875,99.0351203125,99.34522031249998,7.545481645583623,0.01606355724743599,7.550256911935316,7.541271832397237,7.554436453554693,7.535986503043826,7.554143958289063,0.6525323563022539,0.007482855213900214,0.6514878629241139,0.6487306337221526,0.6565669163828716,0.6482656716648489,0.6569714938459219,,,,,,,
AES,1200.0,10,0.04150390625,0.0024468255824174655,0.04150390625,0.040283203125,0.043701171875,0.03994140625,0.04287109375,42.5,2.5055493963954847,42.5,41.25,44.75,40.9,43.8,0.68046875,0.01821055597609072,0.6796875,0.671875,0.6796875,0.6703125,0.69140625,0.0,0.0,0.0,0.0,0.0,0.0,0.0,0.0,0.2775327998628892,0.0,0.0,0.0,0.0,0.0,0.0,0.0,0.0,0.2775327998628892,0.0,0.0,0.0,0.0,0.0,0.0,0.0,0.0,0.2775327998628892,0.0794921875,0.004444283376530211,0.08056640625,0.0751953125,0.082763671875,0.07685546875,0.08212890625,99.31056249999997,0.20670959945523387,99.29124999999996,99.18453124999999,99.43343749999998,99.18580937499998,99.42994218749999,7.566142694770624,0.013284844803046801,7.563909532756012,7.557501358603156,7.572688500023332,7.559047192262667,7.574126837677799,0.6529322766233235,0.005418205882577751,0.6523316759848967,0.6484541236422956,0.6571571645326912,0.6497947765979916,0.6560691244940972,,,,,,,
ChaCha20,0.0,10,0.02126068376068376,0.002998651628920353,0.021367521367521368,0.018963675213675216,0.023237179487179488,0.019444444444444445,0.023076923076923075,19.9,2.806737924669451,20.0,17.75,21.75,18.2,21.5,0.8435897435897435,0.02056419650440866,0.8418803418803419,0.829059829059829,0.8525641025641025,0.8324786324786324,0.8564102564102566,0.0,0.0,0.0,0.0,0.0,0.0,0.0,0.0,0.2775327998628892,1.0,0.0,1.0,1.0,1.0,1.0,1.0,0.7224672001371107,0.9999999999999999,0.0,0.0,0.0,0.0,0.0,0.0,0.0,0.0,0.2775327998628892,0.04049145299145299,0.004074484967226089,0.0405982905982906,0.038461538461538464,0.0438034188034188,0.03803418803418803,0.042844551282051266,81.02656250000001,0.28160089992804815,81.05281250000002,80.90906250000002,81.18046874999999,80.85085000000002,81.18607500000002,6.634129619617886,0.01827109873169477,6.638485605226602,6.626381877692058,6.640246399925088,6.623117369730698,6.645205337946302,0.595944507769309,0.004723989219251909,0.5956169191049412,0.592781170096714,0.5982207703054883,0.5932462365366519,0.5987872682925082,0.0876190476190476,0.2570370152543877,0.00952380952380949,0.0023809523809523725,0.00952380952380949,0.003809523809523796,0.25047619047619046
ChaCha20,300.0,10,0.00747863247863248,0.003063506149231705,0.008547008547008548,0.006677350427350427,0.009615384615384616,0.005662393162393162,0.009188034188034188,7.0,2.8674417556808756,8.0,6.25,9.0,5.1,8.6,0.941025641025641,0.023648439851221763,0.9316239316239316,0.9230769230769231,0.9465811965811965,0.9290384615384616,0.9564102564102563,0.0,0.0,0.0,0.0,0.0,0.0,0.0,0.0,0.2775327998628892,1.0,0.0,1.0,1.0,1.0,1.0,1.0,0.7224672001371107,0.9999999999999999,0.0,0.0,0.0,0.0,0.0,0.0,0.0,0.0,0.2775327998628892,0.013034188034188035,0.0028843955457715934,0.01282051282051282,0.011752136752136752,0.014957264957264958,0.011324786324786324,0.014743589743589742,81.71781250000001,0.2015050251820251,81.75781249999999,81.64359375000002,81.78078125000003,81.59465781249999,81.8320703125,6.699764034369781,0.012107151049276182,6.699613791662002,6.692622339606945,6.703279459941843,6.692919220274707,6.706924347483118,0.5977422575931997,0.0047808315610188504,0.5979911590693519,0.5939354046713561,0.6013934953371063,0.5950070707476698,0.600468166595674,0.38,0.4910168079291525,0.0,0.0,0.9214285714285715,0.09238095238095238,0.6676190476190477
ChaCha20,600.0,10,0.05181623931623932,0.002530746154478612,0.05181623931623931,0.050213675213675216,0.0531517094017094,0.05042735042735043,0.05331196581196581,48.5,2.3687784005919825,48.5,47.0,49.75,47.2,49.9,0.6128205128205128,0.021716055840637613,0.6111111111111112,0.6068376068376069,0.6239316239316239,0.6,0.6256410256410257,0.0,0.0,0.0,0.0,0.0,0.0,0.0,0.0,0.2775327998628892,1.0,0.0,1.0,1.0,1.0,1.0,1.0,0.7224672001371107,0.9999999999999999,0.0,0.0,0.0,0.0,0.0,0.0,0.0,0.0,0.2775327998628892,0.08141025641025641,0.004955135934736776,0.08226495726495726,0.07932692307692307,0.08333333333333333,0.07852564102564102,0.08429754273504272,86.81131249999996,0.28195705106599855,86.86593749999994,86.69765624999997,87.05624999999999,86.63899687499998,86.97256874999995,6.97640725518149,0.01748565906053042,6.9800589145283265,6.965631796897107,6.991794491799259,6.966377935180607,6.986373252856517,0.5956201949389651,0.005005999002521056,0.5944952735444531,0.5929807195207104,0.5987421761383303,0.5929129445215221,0.5986083529668395,0.004761904761904756,0.00673435029701474,0.0,0.0,0.00952380952380949,0.000952380952380949,0.008571428571428574
ChaCha20,900.0,10,0.04348290598290598,0.0026673765400390325,0.0438034188034188,0.04193376068376068,0.04487179487179487,0.041880341880341884,0.04497863247863248,40.7,2.496664441476534,41.0,39.25,42.0,39.2,42.2,0.6752136752136753,0.02483703101732576,0.670940170940171,0.6602564102564102,0.6987179487179487,0.6606837606837608,0.6897435897435897,0.0,0.0,0.0,0.0,0.0,0.0,0.0,0.0,0.2775327998628892,1.0,0.0,1.0,1.0,1.0,1.0,1.0,0.7224672001371107,0.9999999999999999,0.0,0.0,0.0,0.0,0.0,0.0,0.0,0.0,0.2775327998628892,0.0969017094017094,0.003023921611873758,0.09775641025641026,0.09642094017094018,0.09829059829059829,0.09497863247863247,0.0985042735042735,89.56506249999998,0.17881881202693217,89.54374999999996,89.40812499999996,89.69624999999998,89.46187187499997,89.66878125,7.134504287898454,0.011543745201932052,7.134063732299194,7.124713333785694,7.141655418746439,7.12772631133825,7.141357329382642,0.5948036796180531,0.0053707052641762945,0.5936217040289193,0.5928906763438135,0.5969824123894796,0.5918672873312607,0.5981955799856223,0.002857142857142847,0.004600437062282346,0.0,0.0,0.0071428571428571175,0.000952380952380949,0.005714285714285694
ChaCha20,1200.0,10,0.0297008547008547,0.0020642986817933683,0.03044871794871795,0.027777777777777776,0.030982905982905984,0.028525641025641025,0.030982905982905984,27.8,1.9321835661585915,28.5,26.0,29.0,26.7,28.9,0.7769230769230768,0.013024648946623927,0.7735042735042734,0.7692307692307692,0.7863247863247863,0.7692307692307692,0.7846153846153847,0.0,0.0,0.0,0.0,0.0,0.0,0.0,0.0,0.2775327998628892,1.0,0.0,1.0,1.0,1.0,1.0,1.0,0.7224672001371107,0.9999999999999999,0.0,0.0,0.0,0.0,0.0,0.0,0.0,0.0,0.2775327998628892,0.08002136752136753,0.002386305636431762,0.08012820512820513,0.07905982905982906,0.08012820512820513,0.07873931623931622,0.08151709401709403,89.94649999999999,0.27234262147564875,89.94437499999998,89.70531249999998,90.18906249999998,89.79168437499997,90.10771249999998,7.165203994991449,0.01640217546594253,7.164533609777081,7.150003392953048,7.175631276944655,7.155769871490959,7.174833969581151,0.6027481766650453,0.005156072342578403,0.6038734944304451,0.5997488910215907,0.6067657701205462,0.5995631781138945,0.6056471824314212,0.001904761904761898,0.0040155906795788805,0.0,0.0,0.0,0.0,0.004761904761904745
DES,0.0,10,0.0140625,0.003446082159944307,0.0140625,0.01171875,0.015364583333333334,0.012083333333333333,0.016044270833333322,13.5,3.3082388735465345,13.5,11.25,14.75,11.6,15.5,0.8924999999999998,0.025594776666198756,0.8916666666666666,0.8833333333333333,0.9145833333333333,0.8766666666666666,0.9066666666666666,0.0,0.0,0.0,0.0,0.0,0.0,0.0,0.0,0.2775327998628892,0.1,0.31622776601683794,0.0,0.0,0.0,0.0,0.3,0.017876213095072896,0.4041500267952385,0.0,0.0,0.0,0.0,0.0,0.0,0.0,0.0,0.2775327998628892,0.026770833333333334,0.0034739578995224346,0.026041666666666668,0.02421875,0.027083333333333334,0.024895833333333336,0.028958333333333336,82.00275000000002,0.2904994800626442,81.9465625,81.82281250000004,82.22015625000003,81.84768281250003,82.18209062500003,6.6668292011451245,0.017983344701138392,6.664515927891352,6.655692444475298,6.675905676606678,6.656772398896891,6.677690744922104,0.6105461095925421,0.002883324487911347,0.6101153224008158,0.6091385697945952,0.611019688542001,0.6090707740519429,0.6123663197335554,0.49523809523809526,0.0,0.49523809523809526,0.49523809523809526,0.49523809523809526,0.49523809523809526,0.49523809523809526
DES,300.0,10,0.019999999999999997,0.0029380827501814147,0.019791666666666666,0.017447916666666667,0.021354166666666667,0.01833333333333333,0.02177083333333333,19.2,2.820559440174157,19.0,16.75,20.5,17.6,20.802499999999988,0.8508333333333333,0.02203042228766484,0.85,0.84375,0.8708333333333333,0.8375,0.8625,0.0,0.0,0.0,0.0,0.0,0.0,0.0,0.0,0.2775327998628892,0.0,0.0,0.0,0.0,0.0,0.0,0.0,0.0,0.2775327998628892,0.0,0.0,0.0,0.0,0.0,0.0,0.0,0.0,0.2775327998628892,0.029895833333333333,0.0031075903937867293,0.030208333333333334,0.028125,0.030989583333333334,0.028229166666666666,0.03197916666666666,84.14618750000002,0.2631393421137494,84.15937500000004,83.96500000000002,84.32125000000005,83.98724687500003,84.29451875000005,6.802514557699072,0.01598260092671305,6.806303358235267,6.790637363031784,6.815128864915675,6.792852561109454,6.8108766186874465,0.6126909715821967,0.00424026964953835,0.6114000785164535,0.6104783418704756,0.6128555524628609,0.6103761365491664,0.615315188903478,,,,,,,
DES,600.0,10,0.02322916666666667,0.00264664430557771,0.023958333333333335,0.022135416666666664,0.023958333333333335,0.021562500000000002,0.024791666666666667,22.3,2.5407785333546005,23.0,21.25,23.0,20.797500000000007,23.8,0.8299999999999998,0.01808757844011079,0.8291666666666666,0.8166666666666667,0.8416666666666667,0.8191666666666666,0.8408333333333333,0.0,0.0,0.0,0.0,0.0,0.0,0.0,0.0,0.2775327998628892,0.0,0.0,0.0,0.0,0.0,0.0,0.0,0.0,0.2775327998628892,0.0,0.0,0.0,0.0,0.0,0.0,0.0,0.0,0.2775327998628892,0.06135416666666667,0.0033104684545980628,0.06302083333333333,0.058854166666666666,0.06354166666666666,0.059375,0.06322916666666667,88.24249999999999,0.2528480137465097,88.2121875,88.07234375,88.39171875,88.09256093749998,88.3908890625,7.032080906895229,0.016225031511534187,7.0313441565502615,7.022468685555209,7.041420790055442,7.022995501099828,7.04152770004565,0.6113651719875633,0.00508796069588017,0.6091461824253201,0.6086208395427093,0.6137613410246558,0.6084997374098748,0.6144594800460618,,,,,,,
DES,900.0,10,0.043020833333333335,0.002988936002313519,0.042708333333333334,0.04088541666666667,0.04453125,0.04135416666666668,0.04479166666666667,41.3,2.869378562220979,41.0,39.25,42.75,39.7,43.1,0.7099999999999999,0.013494397557212354,0.7083333333333333,0.7020833333333333,0.7229166666666667,0.7008333333333334,0.7175,0.0,0.0,0.0,0.0,0.0,0.0,0.0,0.0,0.2775327998628892,0.0,0.0,0.0,0.0,0.0,0.0,0.0,0.0,0.2775327998628892,0.0,0.0,0.0,0.0,0.0,0.0,0.0,0.0,0.2775327998628892,0.07916666666666668,0.0043645156562418545,0.08020833333333334,0.07604166666666666,0.08125,0.0765625,0.08166666666666667,91.02293749999998,0.304833465748557,91.016875,90.78812499999998,91.24703125,90.84537499999999,91.2007765625,7.191300499422924,0.018349678513572592,7.191341621170475,7.178915949088691,7.202622267486634,7.180974647604831,7.202438466514739,0.6115320560988039,0.006314402117229276,0.6079371704254299,0.6075140813481994,0.6144787839148194,0.6080958054336952,0.6155090867122636,,,,,,,
DES,1200.0,10,0.043020833333333335,0.0029483235715769152,0.0421875,0.04088541666666667,0.044270833333333336,0.04145833333333333,0.044895833333333336,41.3,2.8303906287138374,40.5,39.25,42.5,39.7,43.0,0.7125,0.018941919023591478,0.7166666666666667,0.7020833333333333,0.725,0.7008333333333333,0.7225,0.0,0.0,0.0,0.0,0.0,0.0,0.0,0.0,0.2775327998628892,0.0,0.0,0.0,0.0,0.0,0.0,0.0,0.0,0.2775327998628892,0.0,0.0,0.0,0.0,0.0,0.0,0.0,0.0,0.2775327998628892,0.0725,0.003995319406567369,0.07239583333333333,0.06979166666666667,0.07291666666666667,0.07020833333333334,0.07479166666666667,91.7325625,0.33702750490502226,91.65406250000001,91.548125,91.89218750000003,91.53937499999999,91.9398203125,7.244345549185961,0.020175754797002725,7.240779540982995,7.233856900640523,7.252459972367032,7.232905611690281,7.2570982761613925,0.6105691946577281,0.004874520495258987,0.6093771554296836,0.6077135841478594,0.6116015709703788,0.608076801369316,0.6136766653804807,,,,,,,
ECIES,0.0,10,0.003535353535353535,0.0010812485335576708,0.003472222222222222,0.002683080808080808,0.004261363636363636,0.0029040404040404045,0.004166666666666667,5.6,1.7126976771553504,5.5,4.25,6.75,4.6,6.6,0.9722222222222221,0.00833290819580107,0.9722222222222222,0.9696969696969697,0.9785353535353535,0.9671717171717173,0.9767676767676768,0.0,0.0,0.0,0.0,0.0,0.0,0.0,0.0,0.2775327998628892,0.0,0.0,0.0,0.0,0.0,0.0,0.0,0.0,0.2775327998628892,0.0,0.0,0.0,0.0,0.0,0.0,0.0,0.0,0.2775327998628892,0.007070707070707072,0.00178065621223116,0.007575757575757576,0.005839646464646465,0.008207070707070708,0.005997474747474748,0.00808080808080808,136.84250000000006,0.2804463827741678,136.7684375,136.63796875000008,137.10390625000008,136.68075000000005,137.0029453125001,8.661591701298125,0.013448093043768,8.660252586787246,8.651206777949888,8.673679748752193,8.654047784277985,8.669172625031234,1.007505129952915,0.007699636200197335,1.0083854621043429,1.001601421565283,1.0101637855404988,1.0030661588616203,1.012309005718562,,,,,,,
ECIES,300.0,10,0.055429292929292925,0.0026585204877699925,0.054924242424242424,0.05366161616161616,0.05808080808080808,0.0538510101010101,0.05694444444444444,87.8,4.211096452627668,87.0,85.0,92.0,85.4,90.30249999999998,0.652020202020202,0.016910604718986786,0.648989898989899,0.6363636363636364,0.6616161616161615,0.6424242424242425,0.6616161616161617,0.0,0.0,0.0,0.0,0.0,0.0,0.0,0.0,0.2775327998628892,0.0,0.0,0.0,0.0,0.0,0.0,0.0,0.0,0.2775327998628892,0.0,0.0,0.0,0.0,0.0,0.0,0.0,0.0,0.2775327998628892,0.09734848484848486,0.0034808203919419753,0.09595959595959597,0.09485479797979798,0.10085227272727272,0.09532828282828283,0.09943181818181819,149.71256250000002,0.3357365775115335,149.74843750000002,149.46156250000007,149.95265625,149.51225000000005,149.9068296875,9.202747889265353,0.015318717807224113,9.200893428189545,9.192169674540636,9.21681985168637,9.193851680337675,9.211873534552588,1.009085494861938,0.007888084528208302,1.0104640604695305,1.0033433329081163,1.0147361737908795,1.0042610253830206,1.0135650527453983,,,,,,,
ECIES,600.0,10,0.025252525252525256,0.0024899325686446204,0.025252525252525252,0.024147727272727272,0.02683080808080808,0.02380050505050505,0.02664141414141414,40.0,3.9440531887330774,40.0,38.25,42.5,37.7,42.3,0.82020202020202,0.011467600246415084,0.8181818181818181,0.8131313131313131,0.8232323232323232,0.8141414141414142,0.8272727272727274,0.0,0.0,0.0,0.0,0.0,0.0,0.0,0.0,0.2775327998628892,0.0,0.0,0.0,0.0,0.0,0.0,0.0,0.0,0.2775327998628892,0.0,0.0,0.0,0.0,0.0,0.0,0.0,0.0,0.2775327998628892,0.05953282828282828,0.0028083777770123303,0.06029040404040404,0.057133838383838384,0.061079545454545456,0.057891414141414146,0.061300505050505036,153.2481249999999,0.2545084791754921,153.1643749999999,153.10734374999993,153.23687499999988,153.13193437499987,153.41984843749992,9.397133725163275,0.013384827273886282,9.393125831697775,9.389058410900738,9.396293326854376,9.390538750237912,9.406076838131787,1.0089823795249686,0.006320887688811861,1.0063980675768107,1.0046921743196435,1.0145869084517471,1.0054730713902973,1.0129157288128046,,,,,,,
ECIES,900.0,10,0.008585858585858586,0.0021909789705084797,0.008207070707070708,0.007102272727272727,0.00946969696969697,0.007386363636363637,0.009974747474747475,13.6,3.470510689285432,13.0,11.25,15.0,11.6,15.6,0.9348484848484848,0.016050756143505766,0.9368686868686869,0.9305555555555556,0.9431818181818181,0.9242424242424242,0.943939393939394,0.0,0.0,0.0,0.0,0.0,0.0,0.0,0.0,0.2775327998628892,0.0,0.0,0.0,0.0,0.0,0.0,0.0,0.0,0.2775327998628892,0.0,0.0,0.0,0.0,0.0,0.0,0.0,0.0,0.2775327998628892,0.01994949494949495,0.003905306636249847,0.019570707070707072,0.017676767676767676,0.02241161616161616,0.01773989898989899,0.022223800505050496,154.43712499999995,0.31615559087080597,154.51874999999993,154.22296874999995,154.69749999999993,154.23484374999992,154.61512499999995,9.50533669218066,0.01645364751318867,9.508694337002261,9.491443650547925,9.518686829303407,9.495558959658563,9.514320345300936,1.0081548865884542,0.0074594768397600675,1.0091013305354863,1.0056437382590957,1.0098241362138651,1.00349555679888,1.0125216716504657,,,,,,,
ECIES,1200.0,10,0.012184343434343435,0.0018833881174465023,0.01231060606060606,0.011363636363636364,0.013573232323232322,0.011047979797979798,0.013257575757575756,19.3,2.9832867780352594,19.5,18.0,21.5,17.5,21.1,0.904040404040404,0.01542954779446412,0.9065656565656566,0.8914141414141414,0.9128787878787878,0.8954545454545455,0.9126262626262627,0.0,0.0,0.0,0.0,0.0,0.0,0.0,0.0,0.2775327998628892,0.0,0.0,0.0,0.0,0.0,0.0,0.0,0.0,0.2775327998628892,0.0,0.0,0.0,0.0,0.0,0.0,0.0,0.0,0.2775327998628892,0.023106060606060602,0.0029641105827708765,0.022095959595959596,0.020833333333333332,0.024936868686868688,0.021464646464646468,0.024936868686868684,156.48575,0.32395515807659,156.45218749999995,156.25515625000008,156.69109374999996,156.3042421875,156.66229687499998,9.62796373954636,0.01849671684266734,9.624228588308311,9.614411629664328,9.641009703263066,9.617447322529637,9.639138411904524,1.0111876512179152,0.003342714314299072,1.011104004108347,1.0100636530551128,1.0137307645054534,1.00890975374321,1.0129653833678458,,,,,,,
RSA,0.0,10,0.026611328125,0.0024168688810087074,0.02734375,0.02490234375,0.0283203125,0.025146484375,0.02802734375,54.5,4.949747468305833,56.0,51.0,58.0,51.5,57.1,0.8015625,0.014823176532039278,0.796875,0.7939453125,0.8095703125,0.793359375,0.8109375,0.0,0.0,0.0,0.0,0.0,0.0,0.0,0.0,0.2775327998628892,0.0,0.0,0.0,0.0,0.0,0.0,0.0,0.0,0.2775327998628892,0.0,0.0,0.0,0.0,0.0,0.0,0.0,0.0,0.2775327998628892,0.054833984375,0.0026550409894079223,0.0556640625,0.0535888671875,0.0565185546875,0.05322265625,0.05625,184.93243749999993,0.5248116767060077,185.14218749999998,184.48734374999992,185.28062499999987,184.6029953124999,185.2414578125,10.132257237344447,0.02275150835203575,10.143616613813382,10.113286302556055,10.148162602679276,10.118485948892285,10.145244058993002,1.3088550466578455,0.007160080512224247,1.3093004294205457,1.3040151766035706,1.3125204998650588,1.3047908036113949,1.31310130568163,,,,,,,
RSA,300.0,10,0.033544921875,0.001561991290886729,0.03369140625,0.0323486328125,0.0345458984375,0.032568359375,0.03447265625,68.7,3.198958163736021,69.0,66.25,70.75,66.7975,70.5,0.76015625,0.013556682380021218,0.759765625,0.7509765625,0.76953125,0.751953125,0.767978515625,0.0,0.0,0.0,0.0,0.0,0.0,0.0,0.0,0.2775327998628892,0.0,0.0,0.0,0.0,0.0,0.0,0.0,0.0,0.2775327998628892,0.0,0.0,0.0,0.0,0.0,0.0,0.0,0.0,0.2775327998628892,0.07412109375,0.0018385444331305908,0.074462890625,0.072998046875,0.07568359375,0.072998046875,0.07509765625,197.49324999999993,0.29879427844808626,197.47093749999988,197.3225,197.5748437499999,197.32102187499999,197.67209531249992,10.647531897171003,0.011867070040860546,10.646802850859368,10.640215615577098,10.650107912156251,10.640905368358466,10.654719084986462,1.3063079800689592,0.00881768566515091,1.3068431770661846,1.301339345111046,1.3119734145584516,1.3009083428286248,1.3113574517011874,,,,,,,
RSA,600.0,10,0.012939453125,0.0018593196059238058,0.01318359375,0.0113525390625,0.0145263671875,0.011864013671875003,0.014013671875,26.5,3.8078865529319543,27.0,23.25,29.75,24.297500000000007,28.8,0.900390625,0.01498810473075695,0.900390625,0.890625,0.912109375,0.89140625,0.908984375,0.0,0.0,0.0,0.0,0.0,0.0,0.0,0.0,0.2775327998628892,0.0,0.0,0.0,0.0,0.0,0.0,0.0,0.0,0.2775327998628892,0.0,0.0,0.0,0.0,0.0,0.0,0.0,0.0,0.2775327998628892,0.029248046875,0.0029065383166518494,0.029541015625,0.0272216796875,0.03173828125,0.027489013671875,0.03095703125,200.4008125,0.4990905835519708,200.339375,200.24171875,200.69140624999994,200.10750000000002,200.70107187500003,10.848266862445149,0.019628397659519722,10.847886276605482,10.83968129489751,10.860218322689134,10.836464874112753,10.859881714687837,1.2995032309787349,0.006270044444356058,1.2982256308896467,1.297163478739094,1.2995109666953795,1.2961261898383962,1.3035923000035108,,,,,,,
RSA,900.0,10,0.01533203125,0.002523573885848217,0.014892578125,0.013671875,0.0177001953125,0.0138671875,0.016748046875,31.4,5.168279318217149,30.5,28.0,36.25,28.5,34.5,0.881640625,0.018873472217878398,0.884765625,0.865234375,0.8935546875,0.870703125,0.89296875,0.0,0.0,0.0,0.0,0.0,0.0,0.0,0.0,0.2775327998628892,0.0,0.0,0.0,0.0,0.0,0.0,0.0,0.0,0.2775327998628892,0.0,0.0,0.0,0.0,0.0,0.0,0.0,0.0,0.2775327998628892,0.02333984375,0.003931935949004593,0.0234375,0.0201416015625,0.0247802734375,0.021142578125,0.02558715820312499,204.44812500000003,0.5668343808184502,204.299375,204.13171874999992,204.70343750000006,204.12828281250006,204.78131250000004,11.11121821616684,0.02607979434793296,11.10527264179832,11.097702673056322,11.11873857071549,11.096432586696215,11.127124623295684,1.3098622585413977,0.005408464187183352,1.3100490169599652,1.3062635597307235,1.3136121302377433,1.3066879268625053,1.313097000499256,,,,,,,
RSA,1200.0,10,0.0349609375,0.0022458578529505648,0.03466796875,0.0338134765625,0.0369873046875,0.03359375,0.03623046875,71.6,4.599516882842757,71.0,69.25,75.75,68.8,74.2,0.76328125,0.014405538214520137,0.763671875,0.75,0.76953125,0.7546875,0.771875,0.0,0.0,0.0,0.0,0.0,0.0,0.0,0.0,0.2775327998628892,0.0,0.0,0.0,0.0,0.0,0.0,0.0,0.0,0.2775327998628892,0.0,0.0,0.0,0.0,0.0,0.0,0.0,0.0,0.2775327998628892,0.0689453125,0.0029006079960866493,0.069091796875,0.06640625,0.0716552734375,0.067236328125,0.070654296875,212.39124999999984,0.45310684829539266,212.5459374999999,212.07765624999996,212.7360937499998,212.13099843749993,212.64931718749986,11.42760309974636,0.02136911734566977,11.428592215058654,11.41364293806535,11.441784697450553,11.414726943966482,11.439785041361233,1.307350110495463,0.004648014252844456,1.3075594825204462,1.3051471067592502,1.310250591894146,1.3045818978216266,1.3099054952373264,,,,,,,
S-DES,0.0,10,0.006309523809523809,0.002317270050897847,0.006547619047619047,0.00505952380952381,0.007142857142857143,0.005,0.00761904761904762,5.3,1.9465068427541912,5.5,4.25,6.0,4.2,6.5,0.9495238095238095,0.01853816040718275,0.9476190476190476,0.9428571428571428,0.9595238095238096,0.9390476190476191,0.9609523809523809,0.0,0.0,0.0,0.0,0.0,0.0,0.0,0.0,0.2775327998628892,1.0,0.0,1.0,1.0,1.0,1.0,1.0,0.7224672001371107,0.9999999999999999,0.0,0.0,0.0,0.0,0.0,0.0,0.0,0.0,0.2775327998628892,0.013452380952380952,0.0022482881705103643,0.01369047619047619,0.012202380952380952,0.015178571428571428,0.012023809523809525,0.014761904761904759,72.3144375,0.25090451820750365,72.26406250000002,72.13109375,72.43703124999999,72.17473593749999,72.465009375,6.242542456924038,0.01775811986994187,6.238661256667923,6.23043623230178,6.24902300014153,6.233129273832162,6.253946062715154,0.538629878219217,0.006296747677248398,0.5380403725430369,0.5329770899843425,0.5441810415359214,0.5349913298874163,0.5423544992832466,0.9495238095238095,0.01853816040718275,0.9476190476190476,0.9428571428571428,0.9595238095238096,0.9390238095238096,0.96
S-DES,300.0,10,0.02845238095238095,0.0033413546722255378,0.027976190476190474,0.02738095238095238,0.02976190476190476,0.02654761904761905,0.030476190476190473,23.9,2.8067379246694513,23.5,23.0,25.0,22.297500000000007,25.6,0.8028571428571428,0.025017001022026086,0.8,0.7904761904761904,0.8238095238095238,0.7885714285714286,0.8171428571428571,0.0,0.0,0.0,0.0,0.0,0.0,0.0,0.0,0.2775327998628892,1.0,0.0,1.0,1.0,1.0,1.0,1.0,0.7224672001371107,0.9999999999999999,0.0,0.0,0.0,0.0,0.0,0.0,0.0,0.0,0.2775327998628892,0.05702380952380952,0.004025382429497065,0.05714285714285714,0.05505952380952381,0.05803571428571429,0.054761904761904755,0.059404761904761905,77.16493749999997,0.32142105935335213,77.14187499999997,76.89703124999998,77.31687499999995,76.98280937499996,77.35250156249995,6.497713041276282,0.01911274070883707,6.493210006273454,6.485489230665513,6.505577219632787,6.486953110294006,6.508757445072277,0.5345946131972596,0.003795765118570388,0.5349517540307716,0.5325591750442982,0.5360207393532619,0.5324230184557383,0.5369524202018511,0.8028571428571428,0.025017001022026086,0.8,0.7904761904761904,0.8238095238095238,0.7876190476190476,0.8171428571428571
S-DES,600.0,10,0.012023809523809523,0.00425362768122591,0.011904761904761904,0.008928571428571428,0.014880952380952382,0.009523809523809523,0.014642857142857141,10.1,3.573047252229764,10.0,7.5,12.5,8.1,12.102499999999987,0.9085714285714287,0.03149103940987234,0.9142857142857143,0.8809523809523809,0.930952380952381,0.8904761904761905,0.9276190476190477,0.0,0.0,0.0,0.0,0.0,0.0,0.0,0.0,0.2775327998628892,1.0,0.0,1.0,1.0,1.0,1.0,1.0,0.7224672001371107,0.9999999999999999,0.0,0.0,0.0,0.0,0.0,0.0,0.0,0.0,0.2775327998628892,0.0325,0.005021056694567185,0.03273809523809524,0.028869047619047617,0.035416666666666666,0.029642857142857144,0.03559523809523809,78.03768749999998,0.43823421031484444,77.93374999999997,77.79624999999999,78.26968749999995,77.79912499999999,78.30062656249999,6.562948455525955,0.02700771851207343,6.557021142197808,6.547438324754745,6.576646660504934,6.5480696670347385,6.579631392395239,0.5373149478575214,0.005257251633918017,0.5358871009666473,0.5336372287129052,0.5418542923871428,0.5341018540901132,0.5404852084087907,0.9085714285714287,0.03149103940987234,0.9142857142857143,0.8809523809523809,0.930952380952381,0.8904761904761905,0.9257142857142858
S-DES,900.0,10,0.015000000000000003,0.0027607185922104904,0.014285714285714285,0.013095238095238096,0.016666666666666666,0.013452380952380955,0.01666666666666667,12.6,2.3190036174568114,12.0,11.0,14.0,11.3,14.0,0.8914285714285715,0.017503553970908206,0.8952380952380953,0.8785714285714286,0.9047619047619048,0.880952380952381,0.900952380952381,0.0,0.0,0.0,0.0,0.0,0.0,0.0,0.0,0.2775327998628892,1.0,0.0,1.0,1.0,1.0,1.0,1.0,0.7224672001371107,0.9999999999999999,0.0,0.0,0.0,0.0,0.0,0.0,0.0,0.0,0.2775327998628892,0.023095238095238092,0.004015590679578894,0.02261904761904762,0.020535714285714286,0.025892857142857145,0.020714285714285716,0.025476190476190475,79.73237499999998,0.447827781878501,79.78499999999997,79.45921874999998,79.85718749999998,79.48267812499998,80.011871875,6.6846346400017325,0.02745237272863234,6.690739339587178,6.662640166283406,6.697173995353841,6.668428347995086,6.701006438136642,0.5347293963422999,0.003968392786941001,0.534683327539824,0.5318083276506513,0.5365194649202749,0.5325832648959477,0.5370594866509782,0.8914285714285715,0.017503553970908206,0.8952380952380953,0.8785714285714286,0.9047619047619048,0.880952380952381,0.900952380952381
S-DES,1200.0,10,0.022619047619047622,0.0036800073394824217,0.023214285714285715,0.020535714285714286,0.025595238095238095,0.02035714285714286,0.02476190476190476,19.0,3.0912061651652345,19.5,17.25,21.5,17.1,20.8,0.836190476190476,0.02760262237369416,0.8333333333333333,0.819047619047619,0.8452380952380952,0.8209523809523809,0.8523809523809526,0.0,0.0,0.0,0.0,0.0,0.0,0.0,0.0,0.2775327998628892,1.0,0.0,1.0,1.0,1.0,1.0,1.0,0.7224672001371107,0.9999999999999999,0.0,0.0,0.0,0.0,0.0,0.0,0.0,0.0,0.2775327998628892,0.031071428571428573,0.004064313533037894,0.030952380952380953,0.028869047619047617,0.033630952380952386,0.028690476190476193,0.03357142857142857,81.63943750000001,0.2520983897018729,81.62374999999999,81.49359375,81.70265625000003,81.5115625,81.79348593750001,6.795475171537942,0.018642950225447055,6.795481464741092,6.785441072360221,6.802357083654109,6.784868396731584,6.806913032390098,0.536764454166405,0.004768523647317399,0.5360673809191212,0.5336914093932137,0.5368678118684329,0.534111003135913,0.5397982667764882,0.836190476190476,0.02760262237369416,0.8333333333333333,0.819047619047619,0.8452380952380952,0.8209523809523809,0.8523809523809526
